Madonna,,Love Profusion,14 Mar 2017 09:48
Hans Zimmer,,Extraction Point,09 Mar 2017 07:25
Hans Zimmer,,Extraction Point,09 Mar 2017 07:22
Bohdan Matviychuk,,Infinity,09 Mar 2017 07:20
Hans Zimmer,,Extraction Point,17 Feb 2017 18:45
Hans Zimmer,,Extraction Point,12 Feb 2017 14:20
Hans Zimmer,,Extraction Point,12 Feb 2017 13:47
Bohdan Matviychuk,,Infinity,12 Feb 2017 13:44
Лавика,,Команданте ЧеГевара,11 Feb 2017 23:10
Hans Zimmer,,Extraction Point,11 Feb 2017 23:07
Bohdan Matviychuk,,Infinity,11 Feb 2017 22:58
Caravan Palace,,Lone Digger,11 Feb 2017 10:00
Hans Zimmer,,Extraction Point,11 Feb 2017 09:58
Смешарики Маша и медведь Фиксики Лунтик,,Песня,10 Feb 2017 17:30
Смешарики,,Аппарат вестибюлярный,10 Feb 2017 17:27
Смешарики,,Танцор диско,10 Feb 2017 17:25
Смешарики,,Круглая песня (минус),10 Feb 2017 17:23
Смешарики,,Шарарам - Дуэт - Крутышка Джибер и Сирена Мегас,10 Feb 2017 17:21
Смешарики,,Шарарам - Зита и Гита,10 Feb 2017 17:20
2. Смешарики,,Песенка о моде,10 Feb 2017 17:19
Смешарики,,Мнём мы мнём,10 Feb 2017 17:16
Смешарики,,Бедненький больной,10 Feb 2017 17:13
Смешарики,,А мы не смеёмся,10 Feb 2017 17:11
Смешарики,,Вот беда вот беда - всюду чудится еда!,10 Feb 2017 17:08
Смешарики,,Марафонец,10 Feb 2017 17:06
Смешарики,,Му-му надо ехать в Кострому,10 Feb 2017 17:03
Смешарики,,От винта!,10 Feb 2017 17:00
Смешарики,,Шарарам -  Манна Хантана,10 Feb 2017 16:58
Смешарики,,Город Омск (дорога в Сибирь),10 Feb 2017 16:56
Смешарики,,Пин-код (короткий),10 Feb 2017 16:54
Смешарики -,,Смешной смех совы,10 Feb 2017 16:53
Смешарики,,он у меня внутри живет он мне покоя не дает)),10 Feb 2017 16:51
Смешарики,,Хоккей,10 Feb 2017 16:49
Смешарики,,А мы валяем дурака,10 Feb 2017 16:47
Смешарики,,Жизнь проходит незаметно если нету в ней огня!,10 Feb 2017 16:45
Смешарики,,...потому что в самолёте всё зависит ОТ ВИНТА!!,10 Feb 2017 16:42
9. Смешарики,,Вести бу-би-лю-би-бу,10 Feb 2017 16:38
Смешарики,,Ягода-малинка (Укуси меня пчела),10 Feb 2017 16:35
смешарики =)),,Есть друзья!!))),10 Feb 2017 16:33
Смешарики,,он у меня  внутри живет,10 Feb 2017 16:31
Смешарики,,как жаль что мне так хочется спать,10 Feb 2017 16:28
Смешарики,,Пин-код (короткий),10 Feb 2017 16:27
Icon for Hire,,Monster (Original),09 Feb 2017 19:40
Poe,,Haunted,09 Feb 2017 19:36
Hans Zimmer,,Time,09 Feb 2017 19:30
Immediate Music,,Fate Of The World,09 Feb 2017 19:27
선미,,24시간이 모자라 (24 hours),09 Feb 2017 19:24
Ilya Beshevli,,Tears of a Tiger,09 Feb 2017 19:21
Skillet,,Comatose (Piano cover),09 Feb 2017 19:17
Нейромонах Феофан,,Драм для Ивана,09 Feb 2017 19:13
League of Legends,,RuLol intro,09 Feb 2017 19:11
Immediate Music (Critical Countdown),,Person Of Interest,09 Feb 2017 19:09
Marceline (Adventure Time),,Black,09 Feb 2017 19:06
twenty one pilots,,Stressed Out,09 Feb 2017 19:03
Skillet,,Awake and Alive (The Quickening),09 Feb 2017 18:58
Skillet,,Whispers In The Dark (Original),09 Feb 2017 18:54
Космические рейнджеры HD: Революция,,Illusion,09 Feb 2017 18:51
Three Days Grace,,Last To Know,09 Feb 2017 18:48
Dario Marianelli,,Evey Reborn (Interstellar Trailer OST),09 Feb 2017 18:45
Three Days Grace,,Sign of the Times,09 Feb 2017 18:43
Three Days Grace,,Life Starts Now,09 Feb 2017 18:39
Immediate Music,,Protectors of Truth,09 Feb 2017 18:35
Alien_r,,Epic Metalstep Trailer 2,09 Feb 2017 18:31
Alien_r,,Epic Metalstep Trailer,09 Feb 2017 18:28
Jim Croce,,Time In A Bottle old,09 Feb 2017 18:26
Карина Арбельяни & fakell,,Нас миллионы (10 лет nnmclub.to),09 Feb 2017 18:23
Poe Nart,,60 Minutes with The Sad Violin,09 Feb 2017 17:52
Misha Mishenko,,First Fire,09 Feb 2017 17:20
Madonna,,Love Profusion,09 Feb 2017 17:16
Robots In Disguise - Turn it up,,(Adventure Time - Marcelin),09 Feb 2017 17:13
Caravan Palace,,Lone Digger,09 Feb 2017 17:09
Лавика,,Команданте ЧеГевара,09 Feb 2017 17:05
Hans Zimmer,,Extraction Point,09 Feb 2017 17:02
Bohdan Matviychuk,,Infinity,09 Feb 2017 16:58
Misha Mishenko,,First Fire,09 Feb 2017 16:56
Madonna,,Love Profusion,09 Feb 2017 16:53
Robots In Disguise - Turn it up,,(Adventure Time - Marcelin),09 Feb 2017 16:49
Caravan Palace,,Lone Digger,09 Feb 2017 16:45
Лавика,,Команданте ЧеГевара,09 Feb 2017 16:41
Hans Zimmer,,Extraction Point,09 Feb 2017 16:38
Bohdan Matviychuk,,Infinity,09 Feb 2017 16:35
Misha Mishenko,,First Fire,09 Feb 2017 14:08
Madonna,,Love Profusion,09 Feb 2017 14:05
Robots In Disguise - Turn it up,,(Adventure Time - Marcelin),09 Feb 2017 14:01
Caravan Palace,,Lone Digger,09 Feb 2017 13:57
Лавика,,Команданте ЧеГевара,09 Feb 2017 13:53
Hans Zimmer,,Extraction Point,09 Feb 2017 13:50
Bohdan Matviychuk,,Winter elegy,09 Feb 2017 13:44
Bohdan Matviychuk,,Infinity,09 Feb 2017 13:40
Лавика,,Команданте ЧеГевара,09 Feb 2017 13:36
Caravan Palace,,Lone Digger,09 Feb 2017 13:30
Robots In Disguise - Turn it up,,(Adventure Time - Marcelin),09 Feb 2017 13:28
Caravan Palace,,Lone Digger,09 Feb 2017 13:24
Hans Zimmer,,Extraction Point,09 Feb 2017 13:21
Hans Zimmer,,Extraction Point,08 Feb 2017 20:47
Hans Zimmer,,Extraction Point,07 Feb 2017 11:52
Hans Zimmer,,Extraction Point,04 Feb 2017 16:04
Hans Zimmer,,Extraction Point,03 Feb 2017 22:46
Skillet,,Awake and Alive (The Quickening),01 Feb 2017 13:25
Skillet,,Whispers In The Dark (Original),01 Feb 2017 13:21
Космические рейнджеры HD: Революция,,Illusion,01 Feb 2017 13:18
Three Days Grace,,Last To Know,01 Feb 2017 13:15
Dario Marianelli,,Evey Reborn (Interstellar Trailer OST),01 Feb 2017 13:12
Three Days Grace,,Sign of the Times,01 Feb 2017 13:09
Three Days Grace,,Life Starts Now,01 Feb 2017 13:06
Immediate Music,,Protectors of Truth,01 Feb 2017 13:02
Alien_r,,Epic Metalstep Trailer 2,01 Feb 2017 12:57
Alien_r,,Epic Metalstep Trailer,01 Feb 2017 12:56
Robots In Disguise - Turn it up,,(Adventure Time - Marcelin),01 Feb 2017 12:54
Caravan Palace,,Lone Digger,01 Feb 2017 12:51
Hans Zimmer,,Extraction Point,01 Feb 2017 12:48
League of Legends,,RuLol intro,01 Feb 2017 09:38
Hans Zimmer,,Extraction Point,01 Feb 2017 09:32
Hans Zimmer,,Extraction Point,31 Jan 2017 17:34
Hans Zimmer,,Extraction Point,31 Jan 2017 13:16
Hans Zimmer,,Extraction Point,30 Jan 2017 18:15
Skillet,,Awake and Alive (The Quickening),29 Jan 2017 17:57
Skillet,,Whispers In The Dark (Original),29 Jan 2017 17:53
Космические рейнджеры HD: Революция,,Illusion,29 Jan 2017 17:50
Three Days Grace,,Last To Know,29 Jan 2017 17:46
Dario Marianelli,,Evey Reborn (Interstellar Trailer OST),29 Jan 2017 17:44
Three Days Grace,,Sign of the Times,29 Jan 2017 17:41
Three Days Grace,,Life Starts Now,29 Jan 2017 17:38
Immediate Music,,Protectors of Truth,29 Jan 2017 17:34
Alien_r,,Epic Metalstep Trailer 2,29 Jan 2017 17:29
Alien_r,,Epic Metalstep Trailer,29 Jan 2017 17:26
Jim Croce,,Time In A Bottle old,29 Jan 2017 17:24
Карина Арбельяни & fakell,,Нас миллионы (10 лет nnmclub.to),29 Jan 2017 17:22
Misha Mishenko,,First Fire,29 Jan 2017 17:10
Madonna,,Love Profusion,29 Jan 2017 17:06
Robots In Disguise - Turn it up,,(Adventure Time - Marcelin),29 Jan 2017 15:38
Caravan Palace,,Lone Digger,29 Jan 2017 15:32
Hans Zimmer,,Extraction Point,29 Jan 2017 15:29
Hans Zimmer,,Extraction Point,29 Jan 2017 15:26
Классика,,Бетховен - симфония №5,29 Jan 2017 13:05
Brand X Music,,Internal Combustion,29 Jan 2017 13:00
Immediate Music,,Spiritus Sancte,29 Jan 2017 12:57
Celldweller,,Louder Than Words,29 Jan 2017 12:54
Immediate Music,,The End Of Days,29 Jan 2017 12:51
Audiomachine,,City of Hope,29 Jan 2017 12:49
Антонио Лючио Вивальди,,Летняя гроза (шторм),29 Jan 2017 12:47
Hans Zimmer,,Extraction Point,29 Jan 2017 12:44
Hans Zimmer,,Extraction Point,29 Jan 2017 12:41
Hans Zimmer,,Extraction Point,28 Jan 2017 22:58
Hans Zimmer,,Extraction Point,28 Jan 2017 15:49
Madonna,,Love Profusion,27 Jan 2017 13:03
Robots In Disguise - Turn it up,,(Adventure Time - Marcelin),27 Jan 2017 13:00
Caravan Palace,,Lone Digger,27 Jan 2017 12:56
Лавика,,Команданте ЧеГевара,27 Jan 2017 12:50
Hans Zimmer,,Extraction Point,27 Jan 2017 12:45
Hans Zimmer,,Extraction Point,27 Jan 2017 12:41
Hans Zimmer,,Extraction Point,27 Jan 2017 01:11
X-Ray Dog,,Here comes the King,26 Jan 2017 15:41
Warlords of Draenor,,Times Change,25 Jan 2017 19:23
Celldweller,,The Wings of Icarus (feat. James Dooley) (трейлер) (Живая сталь [2011] \ Real Steel)[vk.com/amazingmovies_music],25 Jan 2017 19:19
Caravan Palace,,Lone Digger,25 Jan 2017 19:03
Caravan Palace,,Lone Digger,24 Jan 2017 19:03
Alessandro Martire,,Sorgenti,23 Jan 2017 23:13
Road Ninja,,Madara vs Naruto,23 Jan 2017 17:15
Naruto Shippuden,,Obito Vs Madara,23 Jan 2017 17:07
Jim Brickman,,Night Prayer,23 Jan 2017 14:21
Immediate Music,,Liberation! (Choir),23 Jan 2017 14:18
Brand X Music,,BXM Inevitable,23 Jan 2017 14:16
Ilya Beshevli,,Parting,23 Jan 2017 14:14
Shi Jin,,Love The Good,23 Jan 2017 14:10
Alessandro Martire,,The new millennium,23 Jan 2017 14:06
Evanescence,,Heart Shape Box (Nirvana Cover),23 Jan 2017 14:03
Linkin Park,,Ppr:kut,23 Jan 2017 14:00
Johann Sebastian Bach,,Sarabande,23 Jan 2017 13:57
Lindsey Stirling,,Celtic Carol,23 Jan 2017 13:54
Hans Zimmer,,Coward (OST Интерстеллар),23 Jan 2017 13:48
Ilya Beshevli,,Defencess flower,23 Jan 2017 13:41
Linkin Park,,No Laundry,23 Jan 2017 13:38
Alessandro Martire,,L'ultimo desiderio,23 Jan 2017 13:36
Linkin Park,,From The Inside (OST Supernatural),23 Jan 2017 13:33
Vitamin String Quartet,,Boulevard Of Broken Dreams.,23 Jan 2017 13:30
Fabrizio Paterlini,,In cerchio,23 Jan 2017 13:26
De Froiz,,Swing Piano and Violin Beat,23 Jan 2017 13:23
Иоганн Пахельбель,,Канон в ре мажор,23 Jan 2017 13:20
The O'Neill Brothers,,A Time For Us,23 Jan 2017 13:16
Сергей Васильевич Рахманинов,,Итальянская полька,23 Jan 2017 13:14
Roberto Cacciapaglia,,Canone degli spazi,23 Jan 2017 13:11
Ilya Beshevli,,Deja Vu (Live),23 Jan 2017 13:07
Immediate Music,,Avenger,23 Jan 2017 13:04
Stanislav Artemyev,,Fairytale,23 Jan 2017 13:02
Ludovico Einaudi,,Life,23 Jan 2017 12:59
Fabrizio Paterlini,,Lontana dolcemente sospesa,23 Jan 2017 12:55
Karl Jenkins,,Allegretto,23 Jan 2017 12:51
André Gagnon,,Photo jaunie,23 Jan 2017 12:47
Epic Score,,Беда не приходит одна,23 Jan 2017 12:43
Audiomachine,,Dark evolution [The Hunger Games Trailer],23 Jan 2017 12:40
Nickelback,,Savin' Me,23 Jan 2017 12:37
Shi Jin,,Sunflower In the Rain,23 Jan 2017 12:34
Yuriko Nakamura,,Missing U,23 Jan 2017 12:29
Misha Mishenko,,Vikki's Dream,23 Jan 2017 12:26
Sleeping at Last,,Households,23 Jan 2017 12:24
Мерлин Менсон,,Get My Rocks Off,23 Jan 2017 12:21
Yann Tiersen,,A quai,23 Jan 2017 12:18
Mylene Farmer( BLEU NOIR),,Oui mais... Non -Jeremy Hills club remix,23 Jan 2017 12:14
Haddaway,,Rock My Heart,23 Jan 2017 12:08
Жорж Бизе,,Кармен. Тореадор.,23 Jan 2017 12:04
Placebo,,Jackie,23 Jan 2017 12:01
Placebo,,Jackie,23 Jan 2017 11:59
L'Arc~en~Ciel,,Umibe,23 Jan 2017 11:57
L'Arc~en~Ciel,,Umibe,23 Jan 2017 11:52
Mylene Farmer,,Paradis Inanimé,23 Jan 2017 11:48
Roxette,,Joyride,23 Jan 2017 11:44
Madonna,,American Life,23 Jan 2017 11:39
Placebo,,Slave to the Wage,23 Jan 2017 11:33
Tom Novy,,Take It (feat. Lima),23 Jan 2017 11:28
Mylene Farmer,,Tous Ces Combats,23 Jan 2017 11:24
Johann Strauss II,,Der Wiener Walzer,23 Jan 2017 11:19
Muse,,Tsp,23 Jan 2017 11:14
Placebo,,Julien,23 Jan 2017 11:10
Muse,,City of Delusion,23 Jan 2017 11:06
Within Temptation,,Are You The One,23 Jan 2017 11:03
Within Temptation,,Are You The One,23 Jan 2017 09:23
Антонио Лючио Вивальди,,Летняя гроза (шторм),23 Jan 2017 09:19
Immediate Music,,Protectors of Truth,22 Jan 2017 11:24
Immediate Music,,Fate Of The World,22 Jan 2017 11:20
선미,,24시간이 모자라 (24 hours),22 Jan 2017 11:17
Лавика,,Команданте ЧеГевара,22 Jan 2017 11:10
OST Red Alert 3,,Hell March 3,21 Jan 2017 15:47
Madonna,,Love Profusion,21 Jan 2017 15:43
Robots In Disguise - Turn it up,,(Adventure Time - Marcelin),21 Jan 2017 15:39
Caravan Palace,,Lone Digger,21 Jan 2017 15:35
Лавика,,Команданте ЧеГевара,21 Jan 2017 15:31
Immediate Music,,Protectors of Truth,21 Jan 2017 10:56
Misha Mishenko,,First Fire,21 Jan 2017 10:52
Madonna,,Love Profusion,21 Jan 2017 10:48
Robots In Disguise - Turn it up,,(Adventure Time - Marcelin),21 Jan 2017 10:45
Caravan Palace,,Lone Digger,21 Jan 2017 10:41
Лавика,,Команданте ЧеГевара,21 Jan 2017 10:37
Caravan Palace,,Lone Digger,21 Jan 2017 10:35
Лавика,,Команданте ЧеГевара,21 Jan 2017 00:30
Лавика,,Команданте ЧеГевара,20 Jan 2017 14:29
Madonna,,Like a Prayer,20 Jan 2017 11:19
Madonna,,Sorry (Radio Version) Promo Edit #2,20 Jan 2017 11:14
Madonna,,Bitch im Madonna (ft. Niki Minaj),20 Jan 2017 11:11
Madonna,,Hung Up,20 Jan 2017 11:07
Robots In Disguise - Turn it up,,(Adventure Time - Marcelin),20 Jan 2017 11:03
Caravan Palace,,Lone Digger,20 Jan 2017 10:59
Лавика,,Команданте ЧеГевара,20 Jan 2017 10:56
Лавика,,Команданте ЧеГевара,20 Jan 2017 10:52
Лавика,,Команданте ЧеГевара,20 Jan 2017 09:14
Лавика,,Команданте ЧеГевара,20 Jan 2017 08:58
Caravan Palace,,Lone Digger,19 Jan 2017 19:35
Лавика,,Команданте ЧеГевара,19 Jan 2017 19:32
Лавика,,Команданте ЧеГевара,19 Jan 2017 18:31
Лавика,,Команданте ЧеГевара,19 Jan 2017 18:03
Лавика,,Команданте ЧеГевара,19 Jan 2017 17:21
Лавика,,Команданте ЧеГевара,19 Jan 2017 16:37
Caravan Palace,,Lone Digger,19 Jan 2017 15:49
Caravan Palace,,Lone Digger,19 Jan 2017 11:24
Caravan Palace,,Lone Digger,18 Jan 2017 17:58
Madonna,,Love Profusion,18 Jan 2017 16:30
Caravan Palace,,Lone Digger,18 Jan 2017 16:27
Skillet,,Monster (acoustic),18 Jan 2017 15:54
Caravan Palace,,Lone Digger,18 Jan 2017 15:46
Caravan Palace,,Lone Digger,18 Jan 2017 14:08
Caravan Palace,,Lone Digger,18 Jan 2017 14:06
Caravan Palace,,Lone Digger,18 Jan 2017 11:45
Frank Klepacki,,Hell March 2 (Red Alert 2 OST),18 Jan 2017 10:10
Madonna,,Love Profusion,18 Jan 2017 10:08
Madonna,,Love Profusion,18 Jan 2017 10:06
Caravan Palace,,Lone Digger,18 Jan 2017 10:04
Caravan Palace,,Lone Digger,18 Jan 2017 10:04
Caravan Palace,,Lone Digger,18 Jan 2017 10:02
Caravan Palace,,Lone Digger,18 Jan 2017 10:01
Caravan Palace,,Lone Digger,18 Jan 2017 09:59
Daft Punk(TRON),,Fall (Film Version),18 Jan 2017 09:59
Daft Punk(TRON),,Fall (Film Version),18 Jan 2017 09:58
Daft Punk(TRON),,Fall (Film Version),17 Jan 2017 19:06
Daft Punk(TRON),,Fall (Film Version),17 Jan 2017 19:05
Daft Punk,,Fall (Tron Legacy OST),17 Jan 2017 19:03
Daft Punk,,Fall (Tron Legacy OST),17 Jan 2017 19:02
Poe,,Haunted,17 Jan 2017 19:01
Poe,,Haunted,17 Jan 2017 18:58
League of Legends,,RuLol intro,17 Jan 2017 18:57
League of Legends,,RuLol intro,17 Jan 2017 18:57
Caravan Palace,,Lone Digger,17 Jan 2017 18:45
Caravan Palace,,Lone Digger,17 Jan 2017 18:43
Caravan Palace,,Lone Digger,17 Jan 2017 17:42
Caravan Palace,,Lone Digger,17 Jan 2017 17:41
OST Red Alert 3,,Hell March 3,17 Jan 2017 17:11
OST Red Alert 3,,Hell March 3,17 Jan 2017 17:09
Battlefield 3 OST,,The Theater The Dream,17 Jan 2017 16:58
Battlefield 3 OST,,The Theater The Dream,17 Jan 2017 16:56
Caravan Palace,,Lone Digger,17 Jan 2017 16:54
Caravan Palace,,Lone Digger,17 Jan 2017 16:52
Dario Marianelli,,Evey Reborn (Interstellar Trailer OST),17 Jan 2017 16:46
Kylie Minogue,,Come Into My World,17 Jan 2017 16:32
Kylie Minogue,,Come Into My World,17 Jan 2017 16:31
Tristam,,League of Legends,17 Jan 2017 16:27
Tristam,,League of Legends,17 Jan 2017 16:25
Madonna,,Love Profusion,17 Jan 2017 16:23
Madonna,,Love Profusion,17 Jan 2017 13:26
Madonna,,Love Profusion,17 Jan 2017 13:23
Нейромонах Феофан,,Изба Ходит Ходуном,17 Jan 2017 12:44
London Philharmonic Orchestra(The Greatest Video Game Music),,Mass Effect: Suicide Mission,17 Jan 2017 12:37
Dario Marianelli,,Evey Reborn (Interstellar Trailer OST),17 Jan 2017 12:27
Immediate Music,,Protectors of Truth,17 Jan 2017 12:25
Madonna,,Hung Up,17 Jan 2017 12:19
Madonna,,Love Profusion,17 Jan 2017 10:47
스텔라,,떨려요 (Vibrato),17 Jan 2017 10:43
League of Legends,,RuLol intro,16 Jan 2017 22:19
Miracle of Sound,LEVEL 1- The 2011 Collection,Commander Shepard,16 Jan 2017 21:48
Misha Mishenko,Somnipedie,First Fire,16 Jan 2017 21:46
May'n,,chase the world,16 Jan 2017 20:04
Thomas Bergersen,,Archangel,16 Jan 2017 20:01
Angela,ZERO,To be with U!,16 Jan 2017 19:26
Misha Mishenko,Somnipedie,First Fire,16 Jan 2017 19:18
Нейромонах Феофан,Изба Ходит Ходуном,Изба Ходит Ходуном,16 Jan 2017 19:06
