The Young Dubliners,Saints and Sinners,Rosie,01 Jan 2011 22:32
Flatfoot 56,Jungle of the Midwest Sea,City on a Hill,01 Jan 2011 22:25
Blood or Whiskey,Cashed Out on Culture,Doors of Hope,01 Jan 2011 22:21
The Dubliners,Spirit of the Irish,Dirty Old Town,01 Jan 2011 22:17
Street Dogs,Fading American Dream,Shards of Life,01 Jan 2011 22:14
Enter The Haggis,Soapbox Heroes,Perfect Song,01 Jan 2011 22:07
Eluveitie,Spirit,The Song of Life,01 Jan 2011 22:03
Rise Against,Siren Song of the Counter Culture,Tip the Scales,01 Jan 2011 21:54
Greenland Whalefishers,Bergen Rock City Vol.5,Ramones,01 Jan 2011 21:51
Ska-P,Planeta Eskoria,Mestizaje,01 Jan 2011 21:47
Bad Religion,All Ages,We're Only Gonna Die,01 Jan 2011 21:45
The Real McKenzies,10000 Shots,Pour Decisions,01 Jan 2011 21:42
The Dreadnoughts,Legends Never Die,Fire Marshall Willy,01 Jan 2011 21:38
Dropkick Murphys,Blackout,The Outcast,01 Jan 2011 21:34
The Pogues,If I Should Fall From Grace With God,If I Should Fall From Grace With God,01 Jan 2011 21:32
Reel Big Fish,Turn the Radio Off,Beer,01 Jan 2011 21:28
Flogging Molly,Live At The Greek Theatre,The Seven Deadly Sins,01 Jan 2011 21:26
Bad Religion,The Gray Race,A Walk,01 Jan 2011 21:23
Rancid,And Out Come The Wolves,Lock Step & Gone,01 Jan 2011 21:21
Anti-Flag,The Terror State,Tearing Down The Borders,01 Jan 2011 21:18
The Young Dubliners,With All Due Respect - The Irish Sessions,McAlpine's Fusiliers,01 Jan 2011 21:14
The Dubliners,The Best Of,The Galway Races,01 Jan 2011 21:11
The Tossers,Long Dim Road,Mad Riot,01 Jan 2011 21:08
Street Dogs,Back to the World,In Defense of Dorchester,01 Jan 2011 21:06
Flogging Molly,Live At The Greek Theatre,Salty Dog,01 Jan 2011 21:03
The Real McKenzies,10000 Shots,Bugger Off,01 Jan 2011 21:01
The Bloody Irish Boys,Drunk Rock,Enniscorthy in a Bottle,01 Jan 2011 20:57
Dropkick Murphys,The Meanest of Times,God Willing,01 Jan 2011 20:54
The Dreadnoughts,Legends Never Die,The Dreadnought,01 Jan 2011 20:49
Gaelic Storm,Gaelic Storm,Tell Me Ma,01 Jan 2011 20:46
Social Distortion,Sex Love and Rock 'n' Roll,Don't Take Me for Granted,01 Jan 2011 20:42
Me First and the Gimme Gimmes,Have A Ball,Mandy,01 Jan 2011 20:40
The Real McKenzies,The Real McKenzies,Scots Wha' Ha'e,01 Jan 2011 20:37
Streetlight Manifesto,Everything Goes Numb,Here's To Life,01 Jan 2011 20:32
Rancid,...And Out Come the Wolves,Maxwell Murder,01 Jan 2011 20:31
Mad Caddies,Keep It Going,State of Mind,01 Jan 2011 20:27
Blood or Whiskey,Cashed Out on Culture,They Say No!,01 Jan 2011 20:23
The Dubliners,The Dubliners,All For Me Grog,01 Jan 2011 20:19
The Pogues,The Best of The Pogues,Boys From The County Hell,01 Jan 2011 20:16
The Bloody Irish Boys,Drunk Rock,Drunk Tonight,01 Jan 2011 20:13
Street Dogs,Back to the World,You Alone,01 Jan 2011 20:10
Flogging Molly,,The Kilburn High Road,01 Jan 2011 20:06
Evergrey,Solitude-Dominance-Tragedy,Words Mean Nothing,21 Dec 2010 14:44
Pretty Balanced,Icicle Bicycle,Couch,22 Nov 2010 02:31
Dawn of the Gecko,Mighty Though God Is...,Jim's Girl,22 Nov 2010 02:27
Vermillion Lies,What's in the Box?,Wednesday's Child,22 Nov 2010 02:22
The Dresden Dolls,Yes Virginia...,Shores Of California,22 Nov 2010 02:19
Avantasia,The Metal Opera,Avantasia,02 Oct 2010 22:31
ReVamp,ReVamp,Under My Skin,02 Oct 2010 22:27
Jorn,Lonely Are The Brave,Man Of The Dark,02 Oct 2010 22:21
Serenity,Fallen Sanctuary,All Lights Reversed,02 Oct 2010 22:15
HammerFall,Legacy of Kings,Remember Yesterday,02 Oct 2010 22:10
Dark Moor,Tarot,Lovers,02 Oct 2010 22:06
Iced Earth,The Dark Saga,The Hunter,02 Oct 2010 22:02
Leaves' Eyes,Njord,My Destiny,02 Oct 2010 21:58
Avantasia,The Wicked Symphony,The Wicked Symphony,02 Oct 2010 21:48
Symphony X,Paradise Lost,Eve Of Seduction,02 Oct 2010 21:43
Masterplan,Big Bad Bay Area,Hey Girl,02 Oct 2010 21:39
Rhapsody of Fire,The Frozen Tears Of Angels,Dark Frozen World,02 Oct 2010 21:37
Kamelot,The Fourth Legacy,The Shadow Of Uther,02 Oct 2010 21:32
Revue Noir,ANTHOLOGY ARCHIVE,Strange Little Show,02 Oct 2010 21:27
Frank the Baptist,The New Colossus (strob 026),Scars Forever,02 Oct 2010 21:22
Johnny Hollow,Dirty Hands,Die for Love,02 Oct 2010 21:17
Ego Likeness,The Order of the Reptile,Aviary,02 Oct 2010 21:13
Jill Tracy,Diabolical Streak,Just the Other Side of Pain,02 Oct 2010 21:06
The Dresden Dolls,Yes Virginia...,My Alcoholic Friends,02 Oct 2010 21:03
Humanwine,for burning cities present,Fattest Thin,02 Oct 2010 21:01
Abaddon,I Am Legion,Holy Man,02 Oct 2010 20:53
Ben Folds,Ben Folds Live (Clean Version),Tiny Dancer,27 Sep 2010 16:27
Amorphis,Tales From the Thousand Lakes,Light My Fire,27 Sep 2010 16:24
Placebo,Sleeping with Ghosts (Bonus Disc),Running Up That Hill,27 Sep 2010 16:19
Selena Gomez & the Scene,Kiss & Tell,Naturally,27 Sep 2010 16:13
Matthew Morrison,South Pacific (The New Broadway Cast Recording),Younger Than Springtime,27 Sep 2010 16:10
Glee Cast,,Papa Don't Preach,27 Sep 2010 16:09
Lea Michele,Spring Awakening,The Word Of Your Body (Original Broadway Cast Recording/2006),19 Sep 2010 02:15
Glee Cast,,My Life Would Suck Without You,19 Sep 2010 02:12
Santana,Greatest Hits,Black Magic Woman/Gypsy Queen,19 Sep 2010 02:05
ZZ Top,Greatest Hits,Doubleback,19 Sep 2010 02:00
Eric Clapton,Crossroads,Lay Down Sally,19 Sep 2010 01:55
Creedence Clearwater Revival,Platinum,Proud Mary,19 Sep 2010 01:52
Supertramp,Breakfast In America,The Logical Song,19 Sep 2010 01:47
Eagles,Hell Freezes Over,Hotel California,19 Sep 2010 01:41
Avantasia,The Scarecrow,Lost in Space,12 Sep 2010 15:20
Rhapsody of Fire,Triumph or Agony,Il Canto del Vento,12 Sep 2010 15:16
Kamelot,Karma,Temples Of Gold,12 Sep 2010 15:12
MTO USA Inc.,KURULIN FUSION Original Soundtrack,Rendition of Jesu Joy of Man's Desiring,12 Sep 2010 14:52
Zerlina,Palis,Terra's Theme,12 Sep 2010 14:48
Ambulance Ltd,LP,Primitive (The Way I Treat You),12 Sep 2010 14:44
At Risk Reset,Risk?,Bachelorette (Hitting It Off Mix),12 Sep 2010 14:40
housethegrate,,Final Fantasy 6 Seized with Fury OC ReMix,12 Sep 2010 14:34
Scott Peeples,www.ocremix.org - OCR00320-OCR00339,Zelda: Link's Awakening Mysterious Groove OC ReMix,12 Sep 2010 14:30
Tostigroover,ReMixes,One Two Battle!,12 Sep 2010 14:27
Aaron Ackerson,non-album tracks,Final Fantasy 4 Chocobo (Strings And Winds) Oc Removed,12 Sep 2010 14:24
Matias Puumala,AmppiSound,Return To The Origin,12 Sep 2010 14:21
Edenbridge,Sunrise in Eden,Cheyenne Spirit,06 Sep 2010 19:40
Angtoria,God Has a Plan for Us All,Hell Hath No Fury Like a Woman Scorned,06 Sep 2010 19:35
Lacuna Coil,Unleashed Memories,When a Dead Man Walks,06 Sep 2010 19:29
Nightwish,Oceanborn,Swanheart,06 Sep 2010 19:24
Krypteria,In Medias Res,No More Lies,06 Sep 2010 19:20
Kamelot,Epica,Farewell,06 Sep 2010 19:17
Epica,Design Your Universe,Burn to a Cinder,06 Sep 2010 19:11
Tristania,World of Glass,Wormwood,06 Sep 2010 19:05
Lunatica,Atlantis,World Under Ice,06 Sep 2010 19:00
Amberian Dawn,River of Tuoni,River of Tuoni,06 Sep 2010 18:57
After Forever,After Forever,Discord,06 Sep 2010 18:52
Mercedes,Rock-N-Soul Blvd...,Rainin Around The World,16 Aug 2010 06:45
Lea Michele,Spring Awakening,Mama Who Bore Me (Original Broadway Cast Recording/2006),16 Aug 2010 06:43
Meryl Streep,Mamma Mia! The Movie Soundtrack (Non-EEA Version),Mamma Mia,16 Aug 2010 06:39
Josie and the Pussycats,Josie and the Pussycats,3 Small Words,16 Aug 2010 06:36
Claude-Michel Schönberg,,I Dreamed a Dream,16 Aug 2010 06:32
Jim Sturgess,Across the Universe,All My Loving,16 Aug 2010 06:29
Glee Cast,,Bad Romance,16 Aug 2010 06:24
Daniel Day-Lewis,,Guido's Song,16 Aug 2010 06:20
Tarzan,The Edgar Rice Burroughs Radio Shows,Mutinous Captain Killed,16 Aug 2010 06:10
Evan Rachel Wood,Across the Universe,If I Fell,16 Aug 2010 06:07
Amy Adams,Enchanted,True Love's Kiss,16 Aug 2010 06:04
Cabaret,Electric Chair Song,Electric End,16 Aug 2010 06:02
Dana Fuchs,Across the Universe,Don't Let Me Down,16 Aug 2010 05:58
Sophia Loren,Nine,Guarda La Luna,16 Aug 2010 05:55
Joel Grey,Wicked,A Sentimental Man (Original Cast Recording/2003),16 Aug 2010 05:54
Katy Perry,One of the Boys,Hot n Cold,16 Aug 2010 05:50
Nikki Blonsky,Hairspray: Soundtrack To The Motion Picture,You Can't Stop The Beat,16 Aug 2010 05:45
Joe Anderson,Across the Universe,Happiness Is a Warm Gun,16 Aug 2010 05:41
Andrew Lloyd Webber,Jesus Christ Superstar (disc 1),I Don't Know How To Love Him,16 Aug 2010 05:38
Stephen Sondheim,Sondheim Sings Vol. 1: 1962-1972,Send in the clowns,16 Aug 2010 05:35
Daniel Day-Lewis,,I Can't Make This Movie,16 Aug 2010 05:33
Zac Efron,Hairspray: Soundtrack To The Motion Picture,It Takes Two,16 Aug 2010 05:29
Jim Sturgess,Across the Universe,Across the Universe,16 Aug 2010 05:26
James Marsden,Hairspray: Soundtrack To The Motion Picture,The Nicest Kids In Town,16 Aug 2010 05:23
Evan Rachel Wood,Across the Universe,Black Bird,16 Aug 2010 05:20
Kate Hudson,Nine,Cinema Italiano (The Ron Fair Remix),16 Aug 2010 05:16
Kerry Muzzey,Home Movies,Looking Back,16 Aug 2010 05:14
Disney,,Walt Disney Interview (Interview),16 Aug 2010 05:11
High School Musical,,Right Here Right Now,16 Aug 2010 05:07
Renée Zellweger,Chicago  - Music From The Miramax Motion Picture,Roxie,16 Aug 2010 05:03
Cabaret,Electric Chair Song,Dawn Mist Glowing (Radio Version),16 Aug 2010 05:00
Britannia High Cast,,Start of Something,16 Aug 2010 04:57
Nikki Blonsky,Hairspray: Soundtrack To The Motion Picture,I Can Hear The Bells,16 Aug 2010 04:53
Mercedes,Rock-N-Soul Blvd...,Purple Rain,16 Aug 2010 04:49
Matthew Morrison,South Pacific (The New Broadway Cast Recording),You've Got To Be Carefully Taught,16 Aug 2010 04:47
Lea Michele,Spring Awakening,Mama Who Bore Me (Reprise) (Original Broadway Cast Recording/2006),16 Aug 2010 04:45
Richard Gere,Chicago  - Music From The Miramax Motion Picture,Razzle Dazzle,16 Aug 2010 04:41
Zac Efron,Hairspray - Soundtrack to the Motion Picture,Ladies' Choice,16 Aug 2010 04:39
Grease,Written Scripturez,Feel So Good (feat. Skandal Da Ruckus Man,16 Aug 2010 04:35
Joe Anderson,Across the Universe,Hey Jude,16 Aug 2010 04:30
Joel Grey,Wicked,Wonderful (Original Cast Recording/2003),16 Aug 2010 04:25
Kerry Muzzey,Kerry Muzzey | Trailer Music & Shine Highlights,Burying Our Dead (Choral),16 Aug 2010 04:22
Neil Patrick Harris,Assassins: The Broadway Cast Recording,The Ballad of Czolgosz,16 Aug 2010 04:19
Elijah Kelley,Hairspray: Soundtrack To The Motion Picture,Run And Tell That,16 Aug 2010 04:15
Evan Rachel Wood,Across the Universe,It Won't Be Long,16 Aug 2010 04:13
Brittany Snow,Hairspray: Soundtrack To The Motion Picture,The New Girl In Town,16 Aug 2010 04:11
Matthew Morrison,South Pacific (The New Broadway Cast Recording),Reprise: Younger than Springtime,16 Aug 2010 04:10
James Marsden,Hairspray: Soundtrack To The Motion Picture,(It's) Hairspray,16 Aug 2010 04:07
Mercedes,No Limit Greatest Hits,It's Your Thing,16 Aug 2010 04:03
Lea Michele,Spring Awakening,Whispering (Original Broadway Cast Recording/2006),16 Aug 2010 04:00
Glee Cast,On My Own (Glee Cast Version),On My Own,16 Aug 2010 03:56
Ke$ha,Animal,Stephen,16 Aug 2010 01:59
Katy Perry,One of the Boys,Ur So Gay,16 Aug 2010 01:55
Rihanna,Good Girl Gone Bad,Umbrella,16 Aug 2010 01:50
HELL & LULA,Catch up! Catch up!,Set the World on Fire,16 Aug 2010 01:46
Eva Simons,Silly Boy,Silly Boy,16 Aug 2010 01:43
Lady Gaga,The Fame Monster,Speechless,16 Aug 2010 01:38
Stratovarius,The Chosen Ones,Father Time,16 Aug 2010 01:29
Serenity,Fallen Sanctuary,All Lights Reversed,16 Aug 2010 01:23
Leaves' Eyes,Lovelorn,Into Your Light,16 Aug 2010 01:17
Derdian,New Era Pt. 2: War of the Gods,Why,16 Aug 2010 01:03
Edenbridge,Aphelion,The Final Curtain,16 Aug 2010 00:58
Ayreon,Into the Electric Castle,Welcome to the New Dimension,16 Aug 2010 00:55
Demons & Wizards,Demons & Wizards,White Room,16 Aug 2010 00:50
Dragonland,Holy War,A Thousand Points of Light,16 Aug 2010 00:44
Helloween,Treasure Chest,Where The Rain Grows,16 Aug 2010 00:39
Nightwish,Dark Passion Play,Bye Bye Beautiful,16 Aug 2010 00:35
Firewind,Allegiance,Insanity,16 Aug 2010 00:30
HammerFall,Renegade,Renegade,16 Aug 2010 00:26
Edguy,Hellfire Club,Lavatory Love Machine,16 Aug 2010 00:21
Rhapsody of Fire,The Frozen Tears Of Angels,Reign Of Terror,16 Aug 2010 00:14
Avantasia,The Wicked Symphony,Wastelands,16 Aug 2010 00:10
Kamelot,Ghost Opera,Up Through the Ashes,16 Aug 2010 00:05
Unexpect,In A Flesh Aquarium,Chromatic Chimera,15 Aug 2010 23:50
Diablo Swing Orchestra,The Butcher's Ballroom,Infralove,15 Aug 2010 23:45
Chris Hardwick,Comedy Death Ray,Comedy Death Ray (Comedy Death Ray),15 Aug 2010 02:00
William Shatner,,What Have You Done?,15 Aug 2010 01:58
The Rutles,Archaeology,The Knicker Elastic King,15 Aug 2010 01:55
Richard Cheese,The Sunny Side of the Moon: The Best of Richard Cheese,Down With the Sickness,15 Aug 2010 01:53
Rodney Carrington,King Of The Mountains,Show Them To Me,15 Aug 2010 01:50
The Arrogant Worms,Live Bait,Proud to be Canadian,15 Aug 2010 01:45
Da Vinci's Notebook,Brontosaurus,Enormous Penis,15 Aug 2010 01:43
Weird Al Yankovic,,Your Horoscope for Today,15 Aug 2010 01:39
Hard 'n Phirm,Horses and Grasses,An Intro,15 Aug 2010 01:38
Josh Woodward,Crawford Street,Cherry,15 Aug 2010 01:34
Lemon Demon,Hip to the Javabean Bonus Tracks,There's a Robot In My Head,15 Aug 2010 01:33
Stephen Lynch,Superhero,Talk To Me,15 Aug 2010 01:29
Brian Regan,Live,Stupid In School,15 Aug 2010 01:24
Indigo Girls,Rites of Passage,Cedar Tree,15 Aug 2010 01:20
Mike Doughty,Haughty Melodic,Your Misfortune,15 Aug 2010 01:17
The Simpsons,The Simpsons Testify,Jellyfish,15 Aug 2010 01:15
Jonathan Coulton,Thing a Week III,Drinking with You,15 Aug 2010 01:12
Jim Gaffigan,Beyond the Pale,Packaging (Album Version),15 Aug 2010 01:10
Maria Bamford,The Burning Bridges Tour,Touched By an Angel,15 Aug 2010 01:08
The Great Luke Ski,I Can Has Fump? - Volume 3D: May-June 07,Man From Dunder,15 Aug 2010 01:04
Daniel Tosh,True Stories I Made Up,Please Light Me (Album Version),15 Aug 2010 00:58
Garfunkel and Oates,Music Songs,The End,15 Aug 2010 00:58
Group X,Project X,Intro,15 Aug 2010 00:57
Denis Leary,Lock 'N Load,Fuck The Kennedys,15 Aug 2010 00:56
Erin McKeown,We Will Become Like Birds,Float,15 Aug 2010 00:52
Patton Oswalt,,Beautiful People and a Bridge Troll,15 Aug 2010 00:49
James Kochalka Superstar,Monkey vs. Robot,I Am Rock,15 Aug 2010 00:48
Eric Idle,The Rutland Isles,Gay Animal Song (Comedy),15 Aug 2010 00:46
Lewis Black,The End of The Universe,Coke and Pepsi and The Super Bowl of 2001,15 Aug 2010 00:39
Eddie Izzard,Circle,Talk to the Animals,15 Aug 2010 00:37
Jim's Big Ego,Don't Get Smart,Ambition,15 Aug 2010 00:31
Hard 'n Phirm,Horses and Grasses,American Dinosaurs,15 Aug 2010 00:27
Worm Quartet,Stupid Video Game Music,Too Fat For The Pit,15 Aug 2010 00:25
Colin Hay,Men At Work Brazil 96,Overkill,15 Aug 2010 00:22
Indigo Girls,Indigo Girls,Prince of Darkness,15 Aug 2010 00:16
Thea Gilmore,Recorded Delivery,You And Frank Sinatra,15 Aug 2010 00:12
Jonathan Coulton,Thing a Week Two,Curl,15 Aug 2010 00:09
The Dan Band,Ho,Please Don't Bomb Nobody This Holiday,15 Aug 2010 00:05
Monty Python,Sings,Money Song,15 Aug 2010 00:04
Tom Lehrer,That Was The Year That Was,Pollution,15 Aug 2010 00:02
Paul and Storm,Opening Band,Six Guys Ten Teeth,14 Aug 2010 23:57
William Shatner,Has Been,Ideal Woman,14 Aug 2010 23:55
The Great Luke Ski,The Fump Vol. 10: July - August 2008,Battlestar Rhapsody,14 Aug 2010 23:50
Adam Sandler,They're All Gonna Laugh at You,The Buffoon and the Dean of Admissions,14 Aug 2010 23:47
Dan Bern,DAN BERN,Marilyn,14 Aug 2010 23:44
Rodney Carrington,Hangin' With Rodney,Letter To My Penis,14 Aug 2010 23:42
Jenny Owen Youngs,Transmitter Failure,Transmitter Failure,14 Aug 2010 23:37
Josh Woodward,The Simple Life,Ships,14 Aug 2010 23:35
Stephen Lynch,A Little Bit Special,Bitch,14 Aug 2010 23:34
Weird Al Yankovic,Poodle Hat,Couch Potato,14 Aug 2010 23:30
DarkMateria,[non-album tracks],Frame of Mind,14 Aug 2010 23:24
Flight of the Conchords,,Business Time,14 Aug 2010 23:20
Jonathan Coulton,Thing a Week I,Podsafe Christmas Song,14 Aug 2010 23:18
Da Vinci's Notebook,,The Gates - DaVinci's Notebook,14 Aug 2010 23:16
Paul and Storm,Opening Band,Opening Band,14 Aug 2010 23:12
Lemon Demon,Live From the Haunted Candle Shop,The Saga of You Confused Destroyer of Planets,14 Aug 2010 23:08
Stephen Lynch,Superhero,Down To The Old Pub Instead,14 Aug 2010 23:05
Daniel Tosh,True Stories I Made Up,Gaunt And Sexy (Album Version),14 Aug 2010 22:59
Ben Folds,Rockin' The Suburbs,Fired,14 Aug 2010 22:55
Allan Sherman,Allan Sherman Live!,When I'm In The Mood For Love (You're In The Mood for Herring) (Album Version),14 Aug 2010 22:53
Tenacious D,The Pick of Destiny,Beelzeboss (The Final Showdown),14 Aug 2010 22:47
William Shatner,Has Been,Has Been,14 Aug 2010 22:45
Hard 'n Phirm,Horses and Grasses,The Camping Song,14 Aug 2010 22:44
Jim's Big Ego,They're Everywhere!,Asshole,14 Aug 2010 22:40
Eric Idle,The Rutland Isles,Civil War (Comedy),14 Aug 2010 22:40
Bryan Bowers,Home Home on the Road,The Scotsman,14 Aug 2010 22:37
DarkMateria,[non-album tracks],The Picard Song,14 Aug 2010 22:32
Paul and Storm,The Fump Vol. 12: November - December 2008,The Captain's Wife's Lament,14 Aug 2010 22:26
Weird Al Yankovic,Poodle Hat,Angry White Boy Polka,14 Aug 2010 22:21
The Arrogant Worms,Live Bait,Me Like Hockey,14 Aug 2010 22:18
Da Vinci's Notebook,Brontosaurus,Another Irish Drinking Song,14 Aug 2010 22:14
Jonathan Coulton,Thing a Week Two,Curl,14 Aug 2010 22:11
Mother Love Bone,Mother Love Bone,This Is Shangrila,26 Jul 2010 05:24
Blind Melon,Nico,Soul One,26 Jul 2010 05:21
Temple of the Dog,Temple of the Dog,Call Me A Dog,26 Jul 2010 05:16
Institute,Distort Yourself,Wasteland,26 Jul 2010 05:11
Pearl Jam,Ten,Why Go,26 Jul 2010 05:08
Days of the New,Days Of The New II,Enemy,26 Jul 2010 05:03
Gavin Rossdale,Wanderlust,Love Remains The Same,26 Jul 2010 04:58
Bush,Sixteen Stone,Monkey,26 Jul 2010 04:54
Kylie Minogue,X,The One,25 Jul 2010 23:08
Ke$ha,TiK ToK,TiK ToK,25 Jul 2010 23:04
Lady Gaga,The Fame Monster,So Happy I Could Die,25 Jul 2010 23:00
Rihanna,NRJ Hit List 2010,Rude Boy,25 Jul 2010 22:56
Beyoncé,I Am...Sasha Fierce,Halo,25 Jul 2010 22:47
Leighton Meester,Somebody to Love,Somebody to Love,25 Jul 2010 22:44
Christina Aguilera,Bionic,Not Myself Tonight,25 Jul 2010 22:41
Heidi Montag,Heidi,Touch Me,25 Jul 2010 22:12
Rihanna,NRJ Hit List 2010,Rude Boy,25 Jul 2010 22:09
Eva Simons,Silly Boy,Silly Boy,25 Jul 2010 22:05
Ke$ha,Animal,Dinosaur,25 Jul 2010 22:02
Kylie Minogue,Fever,In Your Eyes,25 Jul 2010 21:59
Lady Gaga,The Fame,Boys Boys Boys,25 Jul 2010 21:55
Mogwai,5 Track Tour Single,Close Encounters,25 Jul 2010 10:40
Rosie Thomas,These Friends of Mine,Much Farther to Go,25 Jul 2010 10:34
City and Colour,Sometimes,Hello I'm In Delaware,25 Jul 2010 10:28
American Football,1999 - American Football,Stay Home,25 Jul 2010 10:20
Jack Johnson,Sleep Through The Static,Hope,25 Jul 2010 10:16
Michael Bublé,Michael Bublé (Christmas Limited Edition),The Way You Look Tonight,25 Jul 2010 10:11
Gary Stadler,,Garden of Dreams,25 Jul 2010 10:07
Barenaked Ladies,Everything to Everyone,Aluminum,25 Jul 2010 10:03
Imogen Heap,Ellipse,Between Sheets,25 Jul 2010 10:00
Priscilla Ahn,A Good Day,A Good Day (Morning Song),25 Jul 2010 09:56
The Cat Empire,So Many Nights,Panama,25 Jul 2010 09:53
David Nevue,The Last Waking Moment,The Gathering Fields,25 Jul 2010 09:49
Oren Lavie,The Opposite Side of the Sea,Her Morning Elegance,25 Jul 2010 09:45
Kings of Convenience,Riot on an Empty Street,Homesick,25 Jul 2010 09:42
Foo Fighters,The Colour and the Shape,My Hero,24 Jul 2010 23:50
Audioslave,Audioslave,Shadow on the Sun,24 Jul 2010 23:44
Incubus,Light Grenades,Anna Molly,24 Jul 2010 23:40
The Smashing Pumpkins,Siamese Dream,Today,24 Jul 2010 23:37
Bloodhound Gang,Hooray for Boobies,Take The Long Way Home,24 Jul 2010 23:34
Tenacious D,Tenacious D,One Note Song,24 Jul 2010 23:32
Weezer,Weezer (Blue),Buddy Holly,24 Jul 2010 23:29
Pearl Jam,Vs.,Daughter,24 Jul 2010 23:25
John Frusciante and Josh Klinghoffer,A Sphere in the Heart of Silence,Sphere (Album Version),24 Jul 2010 23:17
Incubus,Make Yourself,I Miss You,24 Jul 2010 23:14
Ataxia,,Montreal,24 Jul 2010 23:01
John Frusciante,Shadows Collide With People (acoustic),Omission,24 Jul 2010 22:57
Red Hot Chili Peppers,Californication,Otherside,24 Jul 2010 22:52
Tones on Tail,Night Music,Go!,24 Jul 2010 21:30
Cake,B-Sides and Rarities,It's Coming Down,29 Apr 2010 20:54
Cake,B-Sides and Rarities,Short Skirt-Long Jacket,29 Apr 2010 20:50
Cake,B-Sides and Rarities,Thrills,29 Apr 2010 20:47
Cake,B-Sides and Rarities,Never. Never Gonna Give You Up,29 Apr 2010 20:43
Cake,B-Sides and Rarities,Multiply the Heartaches,29 Apr 2010 20:41
Cake,B-Sides and Rarities,Strangers In The Night,29 Apr 2010 20:38
Cake,B-Sides and Rarities,Conroy,29 Apr 2010 20:35
Cake,B-Sides and Rarities,Excuse Me (I Think I've Got a Heartache),29 Apr 2010 20:33
Cake,B-Sides and Rarities,Mah Na Mah Na,29 Apr 2010 20:29
Cake,B-Sides and Rarities,Ruby Don't Take Your Love to Town,29 Apr 2010 20:27
Cake,B-Sides and Rarities,War Pigs,29 Apr 2010 20:23
Cake,B-Sides and Rarities,Ruby Don't Take Your Love to Town,29 Apr 2010 20:17
Cake,B-Sides and Rarities,War Pigs,29 Apr 2010 20:12
Bush,Golden State,My Engine Is  With You,29 Apr 2010 20:06
Bowling for Soup,Drunk Enough to Dance,Girl All the Bad Guys Want,29 Apr 2010 20:03
Chris Kimber,Mind Body Spirit - Tranquility,Inner Peace,29 Apr 2010 19:54
Garbage,Bleed Like Me,Metal Heart,29 Apr 2010 19:50
Lily Allen,Alright Still,Shame for You,29 Apr 2010 19:45
Lily Allen,It's Not Me It's You,Everyone's at It,29 Apr 2010 19:43
Rush,Fly by Night,By-Tor and the Snow Dog,19 Apr 2010 00:40
Rush,Snakes & Arrows,The Larger Bowl (A Pantoum),19 Apr 2010 00:36
Rush,Test for Echo,Resist,19 Apr 2010 00:31
Rush,Grace Under Pressure,Red Lenses,19 Apr 2010 00:27
Rush,Roll the Bones,Where's My Thing? pt. 4: Gangster of Boats Trilogy,19 Apr 2010 00:23
Rush,Moving Pictures,Witch Hunt (Part III of Fear),19 Apr 2010 00:18
Amon Amarth,The Crusher,Releasing Surtur's Fire,19 Apr 2010 00:13
Rush,Hemispheres,Cygnus X-1 Book II: Hemispheres,18 Apr 2010 23:54
Rush,Presto,Presto,18 Apr 2010 23:49
Rush,2112,Tears,18 Apr 2010 23:45
Amon Amarth,The Crusher,A Fury Divine,18 Apr 2010 23:38
Rush,Rush,Here Again,18 Apr 2010 23:31
Rush,Moving Pictures,The Camera Eye,18 Apr 2010 21:42
Rush,Moving Pictures,Limelight,18 Apr 2010 21:37
Rush,Moving Pictures,Tom Sawyer,18 Apr 2010 20:55
Weird Al Yankovic,Weird Al Yankovic,Happy Birthday,13 Apr 2010 16:56
Weird Al Yankovic,Weird Al Yankovic,Such A Groovy Guy,13 Apr 2010 16:53
Weird Al Yankovic,Off The Deep End,The Plumbing Song,13 Apr 2010 16:49
Weird Al Yankovic,Peter and the Wolf,Shark,13 Apr 2010 16:46
Weird Al Yankovic,Dare To Be Stupid,Like a Surgeon,13 Apr 2010 16:43
Weird Al Yankovic,Alapalooza,Achy Breaky Song,13 Apr 2010 16:40
Weird Al Yankovic,Dare To Be Stupid,Dare to Be Stupid,13 Apr 2010 16:36
Weird Al Yankovic,Straight Outta Lynwood,White And Nerdy,13 Apr 2010 16:33
Brad Smith / Pink Floyd,MOON8,side one,05 Apr 2010 18:24
Garbage,Garbage,Not My Idea,05 Apr 2010 00:48
Garbage,Garbage,As Heaven Is Wide,05 Apr 2010 00:44
Garbage,Garbage,Only Happy When It Rains,05 Apr 2010 00:40
FFXI,,Dark Knight Song,05 Apr 2010 00:35
Brad Smith / Pink Floyd,MOON8,side one,04 Apr 2010 02:42
Candlebox,Candlebox,Far Behind,25 Mar 2010 14:22
Stone Temple Pilots,No. 4,Sour Girl,25 Mar 2010 14:18
Soundgarden,Superunknown,Spoonman,25 Mar 2010 13:43
Bush,1995-02-27: Club Babyhead Providence RI USA,Machinehead,25 Mar 2010 13:39
Michelle Pfeiffer,,(The Legend Of) Miss Baltimore Crabs,25 Mar 2010 13:18
Stephen Sondheim,Sondheim Sings Vol. 1: 1962-1972,Losing My Mind,25 Mar 2010 13:16
Neil Patrick Harris,Assassins: The Broadway Cast Recording,The Ballad of Czolgosz,25 Mar 2010 13:13
Equilibrium,Nuclear Blast Showdown 2007,Blut im Auge,10 Mar 2010 18:50
Týr,By the Light of the Northern Star,Into the Storm,10 Mar 2010 18:44
Turisas,Battle Metal,As Torches Rise,10 Mar 2010 18:40
Eluveitie,Slania,Calling The Rain,10 Mar 2010 18:34
Korpiklaani,Tales Along This Road,Happy Little Boozer,10 Mar 2010 18:30
Alestorm,Leviathan,Leviathan,10 Mar 2010 18:24
Great Big Sea,Something Beautiful,When I Am King,25 Feb 2010 20:02
Neck,Should My Fist Eye,Open Window,25 Feb 2010 19:57
Me First and the Gimme Gimmes,,Mahogany,25 Feb 2010 19:55
The Killigans,One Step Ahead of Hell,For Love of Country,25 Feb 2010 19:51
Against Me!,The Disco Before the Breakdown,Jordan's First Choice,25 Feb 2010 19:49
The Irish Rovers,The Best Of The Irish Rovers,Years May Come Years May Go,25 Feb 2010 19:45
Rancid,...And Out Come the Wolves,The Way I Feel,25 Feb 2010 19:43
The Prodigals,Dreaming In Hell's Kitchen,Happy Man,25 Feb 2010 19:40
The Pogues,If I Should Fall From Grace With God,If I Should Fall From Grace With God,25 Feb 2010 19:37
Street Dogs,Back to the World,Pull the Pin,25 Feb 2010 19:34
The Tossers,The Valley of the Shadow of Death,Out On The Road,25 Feb 2010 19:31
Barleyjuice,Another Round,Scottish Samba,25 Feb 2010 19:28
Social Distortion,Social Distortion,Ball and Chain,25 Feb 2010 19:22
Greenland Whalefishers,,Set Me Free,25 Feb 2010 19:20
Stiff Little Fingers,Inflammable Material,Alternative Ulster,25 Feb 2010 19:15
The Dubliners,Spirit of the Irish,Finnegan's Wake,25 Feb 2010 19:11
Pennywise,Reason To Believe,Confusion,25 Feb 2010 19:08
Mutiny,Rum Rebellion,Take A Chance,25 Feb 2010 19:05
Anti-Flag,For Blood and Empire,The Project For a New American Century,25 Feb 2010 19:01
Dropkick Murphys,The Meanest of Times,Famous for Nothing,25 Feb 2010 18:58
Filthy Thieving Bastards,...I'm a Son of a Gun,A Killing On Wall Street,25 Feb 2010 18:55
Flatfoot 56,Jungle of the Midwest Sea,Loaded Gun,25 Feb 2010 18:53
Rum Rebellion,Cruisin' For A Boozin',Drunken Sailor,25 Feb 2010 18:51
Christy Moore,Ride On,Ride On,25 Feb 2010 18:47
The Pogues,If I Should Fall From Grace With God,Fiesta,25 Feb 2010 18:42
The Real McKenzies,10000 Shots,I Hate My Band,25 Feb 2010 18:40
Street Dogs,Savin Hill,Savin Hill,25 Feb 2010 18:36
Rancid,Life Won't Wait,Cash Culture And Violence,25 Feb 2010 18:33
The Prodigals,Dreaming In Hell's Kitchen,The Morning After,25 Feb 2010 18:29
Larkin,Every Living day Begs The Question,Inject Some Blood,25 Feb 2010 18:26
Barleyjuice,Six Yanks,Pretty Wild Bride,25 Feb 2010 18:23
The Young Dubliners,With All Due Respect - The Irish Sessions,The Rocky Road To Dublin,25 Feb 2010 18:19
Social Distortion,Sex Love and Rock 'n' Roll,Reach for the Sky,25 Feb 2010 18:15
Rise Against,The Sufferer & the Witness,Drones,25 Feb 2010 18:12
The Chieftains,The Long Black Veil,Ferny Hill,25 Feb 2010 18:08
Black 47,Trouble in the Land,I Got Laid On James Joyce's Grave,25 Feb 2010 18:04
Greenland Whalefishers,Joining Forces,Standing in the Wind,25 Feb 2010 18:01
Millencolin,Machine 15,Broken World,25 Feb 2010 17:58
Blood or Whiskey,Cashed Out on Culture,They Say No!,25 Feb 2010 17:54
Filthy Thieving Bastards,My Pappy Was A Pistol,Gods Are Fearing Men,25 Feb 2010 17:52
The Offspring,Hammerhead,Hammerhead,25 Feb 2010 17:46
Dropkick Murphys,Blackout,Time to Go,25 Feb 2010 17:44
Rum Rebellion,Cruisin' For A Boozin',Ramblers Road,25 Feb 2010 17:40
Flogging Molly,Swagger,The Worst Day Since Yesterday,25 Feb 2010 17:36
The Pogues,If I Should Fall From Grace With God,Fairytale of New York,25 Feb 2010 17:31
The Tossers,Long Dim Road,Ciara,25 Feb 2010 17:21
The Dubliners,,The Wild Rover,25 Feb 2010 17:16
The Real McKenzies,Oot & Aboot,Drink the Way I Do,25 Feb 2010 17:15
Flatfoot 56,Jungle of the Midwest Sea,Hoity Toity,25 Feb 2010 17:12
Street Dogs,Fading American Dream,Decency Police,25 Feb 2010 17:10
Neck,Uncrated Distant Star,Today's Bride,25 Feb 2010 17:08
The Prodigals,Needs Must When The Devil Drives,Ball Of Alcohol,25 Feb 2010 17:06
Rancid,...And Out Come the Wolves,Disorder and Disarray,25 Feb 2010 17:03
Larkin,Every Living day Begs The Question,signs of liberation,25 Feb 2010 17:02
NOFX,Punk in Drublic,Fleas,25 Feb 2010 17:00
The Young Dubliners,With All Due Respect - The Irish Sessions,I'll Tell Me Ma,25 Feb 2010 16:57
Shane MacGowan And The Popes,The Couch Sessions,That Woman's Got Me Drinkin',25 Feb 2010 16:54
Mutiny,Rum Rebellion,Drink To Better Days,25 Feb 2010 16:48
The Pogues & The Dubliners,If I Should Fall From Grace With God [Expanded],Mountain Dew,25 Feb 2010 16:46
Against Me!,As the Eternal Cowboy,Sink Florida Sink,25 Feb 2010 16:41
The Bouncing Souls,Bouncing Souls Live,Anchors Aweigh,25 Feb 2010 16:38
Barleyjuice,Six Yanks,More Pipes,25 Feb 2010 16:35
Transplants,,I Want It All (Amended Album Version),25 Feb 2010 16:31
Filthy Thieving Bastards,...I'm a Son of a Gun,I Sure Enjoyed My Stay,25 Feb 2010 16:29
Blood or Whiskey,Cashed Out on Culture,Jar'd for Life,25 Feb 2010 16:27
Dropkick Murphys,The Meanest of Times,The State of Massachusetts,25 Feb 2010 16:23
The Pogues,The Best Of The Pogues,Rain Street,25 Feb 2010 16:19
Flogging Molly,,Life in a Tenement Square,25 Feb 2010 16:15
The Real McKenzies,10000 Shots,Smokin' Bowl,25 Feb 2010 16:12
The Dubliners,Spirit of the Irish,The Rocky Road To Dublin,25 Feb 2010 16:10
The Bloody Irish Boys,Drunk Rock,Enniscorthy in a Bottle,25 Feb 2010 16:05
The Tossers,Agony,Siobhan,25 Feb 2010 16:03
Blaggards,Standards,Rocky Road to Dublin,25 Feb 2010 16:00
Flatfoot 56,Jungle of the Midwest Sea,City on a Hill,25 Feb 2010 15:56
Bad Religion,The Empire Strikes First,God's Love,25 Feb 2010 15:54
Street Dogs,Savin Hill,The Pilgrim: Chapter 33,25 Feb 2010 15:52
Gaelic Storm,Herding Cats,Drink The Night Away,25 Feb 2010 15:48
Rancid,...And Out Come the Wolves,You Don't Care Nothin',25 Feb 2010 15:45
The Prodigals,Go On,The Open Reel,25 Feb 2010 15:38
Me First and the Gimme Gimmes,Take A Break,I Believe I Can Fly,25 Feb 2010 15:35
Lars Frederiksen and the Bastards,Viking,Little Rude Girl,25 Feb 2010 15:34
Neck,Sod 'em and Begorrah!,The Ferry Fare,25 Feb 2010 15:29
Shane MacGowan And The Popes,The Couch Sessions,That Woman's Got Me Drinkin',25 Feb 2010 15:26
Greenland Whalefishers,Bergen Rock City Vol.5,Ramones,25 Feb 2010 15:23
Stiff Little Fingers,Anthology,Wasted Life,25 Feb 2010 15:19
Rum Rebellion,Cruisin' For A Boozin',Beer Run,25 Feb 2010 15:18
Shane MacGowan,Now And In Time To Be,An Irish Airman Forsees His Death,25 Feb 2010 15:16
Larkin,Every Living day Begs The Question,The End,25 Feb 2010 15:13
Social Distortion,White Light White Heat White Trash,Through These Eyes,25 Feb 2010 15:09
The Pogues,The Best Of The Pogues,Dirty Old Town,25 Feb 2010 15:06
Blood or Whiskey,Cashed Out on Culture,Stuck Together,25 Feb 2010 15:03
Dropkick Murphys,Give 'Em The Boot Vol. IV,I'm Shipping Up to Boston,25 Feb 2010 15:00
The Tossers,Long Dim Road,A Night On Earth,25 Feb 2010 14:56
The Bloody Irish Boys,Drunk Rock,Drunk Tonight,25 Feb 2010 14:53
The Real McKenzies,10000 Shots,Best Day Until Tomorrow,25 Feb 2010 14:50
The Dubliners,Spirit of the Irish,Whiskey in the Jar,25 Feb 2010 14:47
Flogging Molly,Drunken Lullabies,If I Ever Leave This World Alive,25 Feb 2010 14:43
The Veronicas,Untouched,Untouched,25 Feb 2010 14:41
Girls Aloud,Sound of the Underground,Sound of the Underground,25 Feb 2010 14:37
Duffy,Rockferry,Serious,25 Feb 2010 14:32
Mika,Life in Cartoon Motion,Relax Take It Easy,25 Feb 2010 14:29
Katy Perry,One of the Boys,Hot n Cold,25 Feb 2010 14:25
Little Boots,,Stuck On Repeat (Fake Blood Remix),25 Feb 2010 14:18
Kate Nash,Made of Bricks,Birds,25 Feb 2010 14:13
Lady Gaga,,Boys Boys Boys,25 Feb 2010 14:10
The Ting Tings,We Started Nothing,Fruit Machine,25 Feb 2010 14:07
Goldfinger,Open Your Eyes,Spokesman,25 Feb 2010 04:11
Catch 22,Keasbey Nights,Supernothing,25 Feb 2010 04:08
Passafire,Submersible,Ghost Man,25 Feb 2010 04:04
Long Beach Dub All Stars,Wonders Of The World,Sunny Hours,25 Feb 2010 03:59
Ballyhoo!,Do It For The Money!,Everything,25 Feb 2010 03:56
311,From Chaos,Amber,25 Feb 2010 03:53
Slightly Stoopid,Acoustic Roots,Wiseman,25 Feb 2010 03:49
Reel Big Fish,Turn the Radio Off,Snoop Dog Baby,25 Feb 2010 03:45
Pepper,Volcom Summer Sampler (2004),Stone Love,25 Feb 2010 03:41
Sublime,Sublime,Get Ready,25 Feb 2010 03:36
Long Beach Shortbus,Flying Ship of Fantasy,Odd Walking Man,25 Feb 2010 03:34
The Expendables,The Expendables,Let Loose,25 Feb 2010 03:29
The Mighty Mighty Bosstones,Live From The Middle East,The Impression That I Get,25 Feb 2010 03:26
Common Rider,Last Wave Rockers,Deep Spring,25 Feb 2010 03:24
Rebelution,,Bright Side of Life,25 Feb 2010 03:20
Bargain Music,A Little Taste Of...,Rock and Stone,25 Feb 2010 03:17
Operation Ivy,Energy,Sound System,25 Feb 2010 03:14
Catch 22,Keasbey Nights,Walking Away,25 Feb 2010 03:10
Big D And The Kids Table,How It Goes,Bender,25 Feb 2010 03:06
Rancid,...And Out Come the Wolves,Time Bomb,25 Feb 2010 03:04
The Supervillains,Grow Yer Own,Jumpin' Beans,25 Feb 2010 03:01
Rx Bandits,And the Battle Begun,In Her Drawer,25 Feb 2010 02:55
Long Beach Dub All Stars,Wonders Of The World,Sunny Hours,25 Feb 2010 02:51
Ballyhoo!,Do It For The Money!,Everything,25 Feb 2010 02:48
311,From Chaos,Amber,25 Feb 2010 02:45
Slightly Stoopid,Acoustic Roots,Wiseman,25 Feb 2010 02:41
Long Beach Shortbus,Self-Titled,Alley Stumble Dub,25 Feb 2010 02:39
The Expendables,The Expendables,Paper Chains,25 Feb 2010 02:37
Passafire,Passafire,Feel It,25 Feb 2010 02:33
Pepper,,Sitting On the Curb,25 Feb 2010 02:30
Sublime,Sublime,Get Ready,25 Feb 2010 02:25
Wijlen Wij,Wijlen Wij,Wijlen Wij,24 Feb 2010 01:32
Во Скорбях,Во Скорбях,Несчастие,24 Feb 2010 01:22
Beck,Guero,Girl,24 Feb 2010 01:20
Cake,Comfort Eagle,Shadow Stabbing,24 Feb 2010 01:16
Fireflight,,Brand New Day,24 Feb 2010 01:11
Flyleaf,,Missing,24 Feb 2010 01:08
Moi dix Mois,NOCTURNAL OPERA,Vizard,16 Feb 2010 20:37
Charlie Daniels Band,,The Devil Went Down to Georgia,15 Feb 2010 21:07
Cake,Motorcade of Generosity,Jolene,15 Feb 2010 21:02
Kamelot,Siege Perilous,Rhydin,15 Feb 2010 16:23
Kamelot,Siege Perilous,Once A Dream,15 Feb 2010 16:20
Kamelot,Siege Perilous,Parting Visions,15 Feb 2010 16:15
Kamelot,Siege Perilous,Where I Reign,15 Feb 2010 16:09
Kamelot,Siege Perilous,Expedition,15 Feb 2010 16:03
Kamelot,Siege Perilous,Millennium,15 Feb 2010 15:57
Kamelot,Siege Perilous,King's Eyes,15 Feb 2010 15:57
Kamelot,Siege Perilous,Millennium,15 Feb 2010 15:52
Kamelot,Siege Perilous,Providence,15 Feb 2010 15:46
Kamelot,Ghost Opera: The 2nd Coming,Epilogue,15 Feb 2010 15:38
Kamelot,Ghost Opera: The 2nd Coming,Rule the world (remix),15 Feb 2010 15:38
Kamelot,Ghost Opera: The 2nd Coming,Epilogue,15 Feb 2010 15:35
Kamelot,Ghost Opera: The 2nd Coming,Pendulous Fall,15 Feb 2010 15:27
Antsy Pants,Juno,Vampire,15 Feb 2010 07:47
Kamelot,Ghost Opera,Mourning Star,15 Feb 2010 07:45
Type O Negative,Bloody Kisses,Too Late: Frozen,15 Feb 2010 07:41
Rush,Hold Your Fire,Prime Mover,15 Feb 2010 04:28
Rush,Hold Your Fire,Second Nature,15 Feb 2010 04:22
Rush,Hold Your Fire,Open Secrets,15 Feb 2010 04:18
Rush,Hold Your Fire,Time Stand Still,15 Feb 2010 04:12
Rush,Hold Your Fire,Force Ten,15 Feb 2010 04:07
Rush,Hemispheres,La Villa Strangiato (An Exercise In Self-Indulgence),15 Feb 2010 04:02
Rush,Hemispheres,The Trees,15 Feb 2010 03:53
Rush,Hemispheres,The Trees,15 Feb 2010 03:53
Rush,Hemispheres,Circumstances,15 Feb 2010 03:48
Rush,Hemispheres,Circumstances,15 Feb 2010 03:48
Rush,Hemispheres,Cygnus X-1 Book II: Hemispheres,15 Feb 2010 03:44
Rush,Hemispheres,Cygnus X-1 Book II: Hemispheres,15 Feb 2010 03:44
Rush,Grace Under Pressure,Between the Wheels,15 Feb 2010 03:26
Rush,Grace Under Pressure,Red Lenses,15 Feb 2010 03:20
Rush,Grace Under Pressure,Kid Gloves,15 Feb 2010 03:16
Rush,Grace Under Pressure,The Body Electric,15 Feb 2010 03:11
Rush,Grace Under Pressure,The Enemy Within (Part I of Fear),15 Feb 2010 03:06
Rush,Grace Under Pressure,Red Sector A,15 Feb 2010 03:02
Rush,Grace Under Pressure,Afterimage,15 Feb 2010 02:57
Rush,Grace Under Pressure,Distant Early Warning,15 Feb 2010 02:52
Rush,Grace Under Pressure,Distant Early Warning,15 Feb 2010 02:51
Rush,Fly by Night,In the End,15 Feb 2010 02:47
Rush,Fly by Night,In the End,15 Feb 2010 02:47
Rush,Permanent Waves,Freewill,15 Feb 2010 02:00
Rush,Permanent Waves,Freewill,15 Feb 2010 02:00
Rush,Permanent Waves,Freewill,15 Feb 2010 01:55
Rush,Moving Pictures,Limelight,15 Feb 2010 01:54
Rush,Moving Pictures,Limelight,15 Feb 2010 01:50
Rush,Grace Under Pressure,Kid Gloves,15 Feb 2010 01:46
Opeth,My Arms Your Hearse,Prologue,15 Feb 2010 01:37
Type O Negative,Life Is Killing Me,Drunk in Paris,14 Feb 2010 21:02
Maximum the Hormone,Buiikikaesu,Buiikikaesu!!,14 Feb 2010 21:01
Cake,Motorcade of Generosity,Mr. Mastodon Farm,14 Feb 2010 20:57
Cake,Motorcade of Generosity,Mr. Mastodon Farm,14 Feb 2010 20:57
System of a Down,Steal This Album!,I-E-A-I-A-I-O,14 Feb 2010 20:52
Funeral,As the Light Does the Shadow,The Elusive Light,14 Feb 2010 20:48
Funeral,As the Light Does the Shadow,The Elusive Light,14 Feb 2010 20:48
System of a Down,Steal This Album!,Boom!,14 Feb 2010 20:42
AC/DC,Black Ice,Smash N Grab,14 Feb 2010 20:40
AC/DC,Black Ice,Smash N Grab,14 Feb 2010 20:40
Rush,Presto,Show Don't Tell,14 Feb 2010 20:36
Suicidal Tendencies,Prime Cuts,How Will I Laugh Tomorrow,14 Feb 2010 19:39
Nirvana,Nirvana,The Man Who Sold the World,14 Feb 2010 19:32
Sublime,Gold [Disc 2],Boss D.J.,14 Feb 2010 19:28
Sublime,Gold [Disc 2],Boss D.J.,14 Feb 2010 19:28
Rob Zombie,Past Present & Future,Living Dead Girl,14 Feb 2010 19:25
Kamelot,The Black Halo,This Pain,14 Feb 2010 19:22
Kamelot,The Black Halo,This Pain,14 Feb 2010 19:22
Funeral,As the Light Does the Shadow,The Absence of Heaven,14 Feb 2010 19:07
Funeral,As the Light Does the Shadow,Let Us Die Alone,14 Feb 2010 18:59
Funeral,As the Light Does the Shadow,Towards the End,14 Feb 2010 18:52
Funeral,As the Light Does the Shadow,Towards the End,14 Feb 2010 18:52
Funeral,As the Light Does the Shadow,In the Fathoms of Wit and Reason,14 Feb 2010 18:45
Thin Lizzy,Dedication - The Very Best of Thin Lizzy,The Rocker,14 Feb 2010 18:35
Thin Lizzy,Dedication - The Very Best of Thin Lizzy,The Rocker,14 Feb 2010 18:35
Thin Lizzy,Dedication - The Very Best of Thin Lizzy,The Rocker,14 Feb 2010 18:35
Thin Lizzy,Dedication - The Very Best of Thin Lizzy,Whiskey in the Jar,14 Feb 2010 18:29
Thin Lizzy,Dedication - The Very Best of Thin Lizzy,Whiskey in the Jar,14 Feb 2010 18:29
Darren Smith & Terrance Zdunich,Repo! The Genetic Opera - Original Motion Picture Soundtrack,Crucifixus,14 Feb 2010 17:42
Darren Smith & Terrance Zdunich,Repo! The Genetic Opera - Original Motion Picture Soundtrack,Crucifixus,14 Feb 2010 17:42
Kamelot,Epica,Farewell,14 Feb 2010 17:40
Greg Edmonson,Firefly,Reavers Chase Serenity,14 Feb 2010 17:37
Alestorm,Captain Morgan's Revenge,Terror on the High Seas,14 Feb 2010 17:33
Greg Edmonson,Firefly,Big Bar Fight,14 Feb 2010 17:25
Sublime,Gold [Disc 1],Pool Shark,14 Feb 2010 17:23
Lily Allen,Alright Still,Friend of Mine,14 Feb 2010 17:22
Type O Negative,Dead Again (Bonus Live CD),Are You Afraid - Gravitational Constant,14 Feb 2010 17:19
Type O Negative,Life Is Killing Me,(We Were) Electrocute,14 Feb 2010 11:36
Kamelot,The Black Halo,When the Lights Are Down,14 Feb 2010 11:29
Stone Sour,Stone Sour,Tumult,14 Feb 2010 11:25
Rush,Moving Pictures,Red Barchetta,14 Feb 2010 05:32
Cake,Fashion Nugget,Perhaps Perhaps Perhaps,14 Feb 2010 05:26
Type O Negative,The Origin of the Feces,I Know You're Fucking Someone Else,14 Feb 2010 05:19
Sublime,Gold [Disc 1],Don't Push,14 Feb 2010 05:04
The Kinks,Juno,A Well Respected Man,14 Feb 2010 05:00
MALICE MIZER,Single Uruwashiki kamen no shôtaijô,Apres Midi  (E-style instr.),14 Feb 2010 04:39
Stone Sour,Come What(ever) May,Cardiff,14 Feb 2010 04:33
Stone Sour,Come What(ever) May,Cardiff,14 Feb 2010 04:33
Bush,Razorblade Suitcase,A Tendency To Start Fires,14 Feb 2010 04:28
occams razor,Metal Edge March 08,Too Late For Rescue,14 Feb 2010 04:24
Rob Zombie,Past Present & Future,The Great American Nightmare,14 Feb 2010 04:20
Nirvana,Nirvana,In Bloom,14 Feb 2010 04:16
Type O Negative,Freddy vs. Jason,(We Were) Electrocute,14 Feb 2010 04:09
Funeral,As the Light Does the Shadow,Hunger,14 Feb 2010 04:02
Rush,Roll the Bones,Bravado,14 Feb 2010 03:53
Nirvana,Bleach,Paper Cuts,14 Feb 2010 03:49
Thin Lizzy,Dedication - The Very Best of Thin Lizzy,Jailbreak,14 Feb 2010 03:44
Type O Negative,Bloody Kisses,Can't Lose You,14 Feb 2010 03:41
Type O Negative,The Origin of the Feces,Kill You Tonight (Reprise),14 Feb 2010 03:35
Lily Allen,It's Not Me It's You,Never Gonna Happen,14 Feb 2010 03:28
Lily Allen,It's Not Me It's You,Never Gonna Happen,14 Feb 2010 03:28
MALICE MIZER,Bara No Seidou,06. Chinurareta kajitsu,14 Feb 2010 03:25
Rush,Hold Your Fire,High Water,14 Feb 2010 03:20
Bush,The Science of Things,Jesus Online,14 Feb 2010 03:14
Kamelot,Epica,Interlude III: At The Banquet,14 Feb 2010 03:11
The Presidents of the United States of America,The Presidents of the United States of America,Naked and Famous,14 Feb 2010 03:10
White Zombie,Supersexy Swingin' Sounds,Real Solution #9 (Mambo Mania mix),14 Feb 2010 03:04
Darren Smith & Terrance Zdunich,Repo! The Genetic Opera - Original Motion Picture Soundtrack,Infected,14 Feb 2010 02:59
Type O Negative,The Least Worst of Type O Negative,Everything Dies,14 Feb 2010 02:55
MALICE MIZER,The 1th Anniversary,Lafflesia,14 Feb 2010 02:51
Flogging Molly,Swagger,Black Friday Rule,14 Feb 2010 02:47
Nirvana,Nirvana,All Apologies,14 Feb 2010 02:39
Amon Amarth,With Oden On Our Side (Bonus Disc),Death In Fire (Live),14 Feb 2010 02:31
Bush,Razorblade Suitcase,Mouth,14 Feb 2010 02:26
The Presidents of the United States of America,The Presidents of the United States of America,Feather Pluckn,14 Feb 2010 02:21
Flogging Molly,Drunken Lullabies,Death Valley Queen,14 Feb 2010 02:18
Thin Lizzy,Dedication - The Very Best of Thin Lizzy,She Knows,14 Feb 2010 02:13
Thin Lizzy,Dedication - The Very Best of Thin Lizzy,Fighting My Way Back,14 Feb 2010 02:08
Darren Smith & Terrance Zdunich,Repo! The Genetic Opera - Original Motion Picture Soundtrack,Legal Assassin,14 Feb 2010 02:05
Nirvana,Nevermind,On a Plain,14 Feb 2010 02:01
Cake,Pressure Chief,End of the Movie,14 Feb 2010 01:58
Type O Negative,Life Is Killing Me (Bonus CD),Out of the Fire (Kane's Theme),14 Feb 2010 01:56
Flogging Molly,Drunken Lullabies,Swagger,14 Feb 2010 01:53
Sublime,Gold [Disc 1],Right Back,14 Feb 2010 01:51
Amon Amarth,With Oden On Our Side (Bonus Disc),Hermod's Ride To Hel - Lokes Treachery Part 1 (Demo),14 Feb 2010 01:48
Cake,Prolonging the Magic,You Turn The Screws,14 Feb 2010 01:43
MALICE MIZER,Kami's Memorial Box,Mori no naka no tenshi,13 Feb 2010 23:46
Type O Negative,October Rust,Die With Me,13 Feb 2010 23:41
Type O Negative,October Rust,Die With Me,13 Feb 2010 23:41
Greg Edmonson,Firefly,Heart Of Gold Montage,13 Feb 2010 23:34
MALICE MIZER,Gekka no Yasoukyoku single,Gekka no Yasoukyoku (de l'imag,13 Feb 2010 23:31
MALICE MIZER,Gekka no Yasoukyoku single,Gekka no Yasoukyoku (de l'imag,13 Feb 2010 23:31
Amon Amarth,With Oden On Our Side (Bonus Disc),Where Silent Gods Stand Guard (Live),13 Feb 2010 23:28
Sublime,Gold [Disc 2],Get Ready,13 Feb 2010 23:21
Bush,The Science of Things,Warm Machine,13 Feb 2010 23:17
MALICE MIZER,Bara No Seidou,03. Kyomu no naka de no yuugi,13 Feb 2010 23:12
Black Water Rising,Metal Edge March 08,Brother Go On,13 Feb 2010 23:04
Conway Twitty & Loretta Lynn,,Lead Me on,13 Feb 2010 23:02
Moi dix Mois,Dix infernal,front et baiser,13 Feb 2010 22:47
Moi dix Mois,Dix infernal,front et baiser,13 Feb 2010 22:47
Flogging Molly,Drunken Lullabies,Cruel Mistress,13 Feb 2010 22:43
Acid Bath,Pagan Terrorism Tactics,Venus Blue,13 Feb 2010 20:53
Rush,2112,Tears,13 Feb 2010 20:48
Chevelle,This Type Of Thinking Could Do Us In,Breach Birth,13 Feb 2010 20:44
Kamelot,Siege Perilous,Siege,13 Feb 2010 20:40
Goo Goo Dolls,No Alternative,Bitch,13 Feb 2010 20:30
Darren Smith & Terrance Zdunich,Repo! The Genetic Opera - Original Motion Picture Soundtrack,Chase the Morning,13 Feb 2010 20:27
Kamelot,Epica,The Edge of Paradise,13 Feb 2010 20:24
Kamelot,Ghost Opera,The Human Stain,13 Feb 2010 20:20
Stone Sour,Come What(ever) May,Suffer,13 Feb 2010 20:16
Suicidal Tendencies,Prime Cuts,You Can't Bring Me Down,13 Feb 2010 20:12
Slipknot,Vol. 3: The Subliminal Verses,Vermilion Pt. 2,13 Feb 2010 20:06
Darren Smith & Terrance Zdunich,Repo! The Genetic Opera - Original Motion Picture Soundtrack,Can't Get It Up If The Girl's Breathing?,13 Feb 2010 19:34
Darren Smith & Terrance Zdunich,Repo! The Genetic Opera - Original Motion Picture Soundtrack,Can't Get It Up If The Girl's Breathing?,13 Feb 2010 19:34
Bryan Adams,Spirit: Stallion Of The Cimerron,Here I Am (End Title),13 Feb 2010 19:34
Bush,Sixteen Stone,X-Girlfriend,13 Feb 2010 19:29
Sublime,Gold [Disc 2],Trenchtown Rock,13 Feb 2010 19:28
White Zombie,Supersexy Swingin' Sounds,Electric Head Pt. 2 (Sexational After Dark Mix),13 Feb 2010 19:27
Type O Negative,Dead Again (Bonus Live CD),Black Sabbath (Intro) - Christian Women,13 Feb 2010 19:22
Type O Negative,The Least Worst of Type O Negative,Unsuccessfully Coping with the Natural Beauty of Infidelity,13 Feb 2010 19:13
Acid Bath,When the Kite String Pops,Cheap Vodka,13 Feb 2010 19:01
Nirvana,In Utero,Dumb,13 Feb 2010 18:58
The Presidents of the United States of America,The Presidents of the United States of America,Candy,13 Feb 2010 18:51
Cake,Comfort Eagle,Long Line Of Cars,13 Feb 2010 18:48
Type O Negative,The Least Worst of Type O Negative,It's Never Enough,13 Feb 2010 18:45
Stone Sour,Stone Sour,Blue Study,13 Feb 2010 18:36
Stone Sour,Stone Sour,Blue Study,13 Feb 2010 18:36
Type O Negative,Dead Again (Bonus Live CD),Black No. 1,13 Feb 2010 18:32
Cake,Fashion Nugget,Daria,13 Feb 2010 18:22
The Blank Theory,Freddy vs. Jason,Middle Of Nowhere,13 Feb 2010 18:19
Darren Smith & Terrance Zdunich,Repo! The Genetic Opera - Original Motion Picture Soundtrack,Chromaggia,13 Feb 2010 18:14
Cake,Fashion Nugget,Nugget,13 Feb 2010 18:11
Nirvana,Incesticide,(New Wave) Polly [Mark Goodier Session],13 Feb 2010 18:07
Acid Bath,Pagan Terrorism Tactics,New Corpse,13 Feb 2010 18:06
Lily Allen,It's Not Me It's You,Fuck You,13 Feb 2010 18:01
Moi dix Mois,NOCTURNAL OPERA,Mephisto Waltz,13 Feb 2010 17:57
Cake,Prolonging the Magic,When You Sleep,13 Feb 2010 17:52
MALICE MIZER,Gardenia,Gardenia (Instrumental),13 Feb 2010 17:41
Urge Overkill,No Alternative,Take a Walk,13 Feb 2010 17:36
Sublime,Gold [Disc 2],Seed,13 Feb 2010 07:15
Buddy Holly,Juno,Dearest,13 Feb 2010 07:13
Greg Edmonson,Firefly,Leaving / Caper / Spaceball,13 Feb 2010 07:11
Kamelot,Epica,Descent of the Archangel,13 Feb 2010 07:09
Sublime,Gold [Disc 1],Slow Ride,13 Feb 2010 07:04
American Music Club,No Alternative,All Your Jeans Were Too Tight,13 Feb 2010 06:57
Alestorm,Leviathan,Heavy Metal Pirates,13 Feb 2010 06:54
Type O Negative,The Origin of the Feces,Kill You Tonight,13 Feb 2010 06:49
Slipknot,Iowa,Iowa,13 Feb 2010 06:47
Flogging Molly,Swagger,Every Dog Has Its Day,13 Feb 2010 06:32
Cake,Prolonging the Magic,Guitar,12 Feb 2010 23:33
Thin Lizzy,Dedication - The Very Best of Thin Lizzy,Still in Love With You,12 Feb 2010 23:23
Kamelot,The Fourth Legacy,Desert Reign,12 Feb 2010 23:17
Sublime,Gold [Disc 2],STP,12 Feb 2010 23:11
Rush,Moving Pictures,YYZ,12 Feb 2010 23:08
Alestorm,Captain Morgan's Revenge,Set Sail and Conquer,12 Feb 2010 22:51
MALICE MIZER,merveilles,Gekka no Yasoukyoku,12 Feb 2010 22:46
Nirvana,Unplugged in New York,Plateau,12 Feb 2010 22:42
Nirvana,Nirvana,Lithium,12 Feb 2010 22:38
Slipknot,All Hope Is Gone [Bonus Tracks],Snuff,12 Feb 2010 22:34
Rush,Counterparts,Everyday Glory,12 Feb 2010 22:28
Suicidal Tendencies,Prime Cuts,Institutionalized,12 Feb 2010 19:32
Alestorm,Captain Morgan's Revenge,Over the Seas,12 Feb 2010 19:25
Bush,Golden State,Fugitive,12 Feb 2010 19:21
Rush,Caress of Steel,The Necromancer,12 Feb 2010 19:17
Kamelot,The Black Halo,Serenade,12 Feb 2010 19:05
Queen,Queen: Greatest Hits,Crazy Little Thing Called Love,12 Feb 2010 19:00
MALICE MIZER,Single Shiroi hada ni kuruu Ai to kanashimi no wamai,Shiroi hada ni kuruu Ai to kanashimi no wamai,12 Feb 2010 18:58
Rush,Feedback,Heart Full Of Soul,12 Feb 2010 18:52
Bryan Adams,Spirit: Stallion Of The Cimerron,Brothers Under The Sun,12 Feb 2010 18:49
Lily Allen,Alright Still,Everything's Just Wonderful,12 Feb 2010 18:45
Slipknot,Vol. 3: The Subliminal Verses,Circle,12 Feb 2010 18:38
Rush,Power Windows,Territories,12 Feb 2010 16:37
Apocalyptica,Cult (Special Edition),Hyperventilation,12 Feb 2010 16:20
White Zombie,Supersexy Swingin' Sounds,Grease Paint and Monkey Brains (Sin Centers of Suburbia mix),12 Feb 2010 08:44
AC/DC,Black Ice,Decibel,12 Feb 2010 08:40
Cake,Comfort Eagle,Shadow Stabbing,12 Feb 2010 08:36
Sublime,Gold [Disc 2],Garden Grove,12 Feb 2010 08:33
Maximum the Hormone,Buiikikaesu,Akagi,12 Feb 2010 08:29
Cheap Trick,Scrubs Season 1 (Disc 1),I Want You to Want Me,12 Feb 2010 08:27
Dethklok,Dethalbum II,Murmaider II: The Water God,12 Feb 2010 08:25
Rush,Roll the Bones,The Big Wheel,12 Feb 2010 08:23
Nirvana,Unplugged in New York,All Apologies,12 Feb 2010 08:18
Funeral,As the Light Does the Shadow,Those Fated to Fall,12 Feb 2010 08:14
Funeral,As the Light Does the Shadow,Those Fated to Fall,12 Feb 2010 08:13
The Velvet Underground,Juno,I'm Sticking With You,12 Feb 2010 08:06
Mateo Messina,Juno,Up The Spout,12 Feb 2010 08:03
MALICE MIZER,Single Gekka no Yasoukyoku,Gekka no Yasoukyoku,12 Feb 2010 07:58
Cake,Motorcade of Generosity,Comanche,12 Feb 2010 07:54
Nirvana,Unplugged in New York,Lake of Fire,12 Feb 2010 07:52
Slipknot,Vol. 3: The Subliminal Verses,The Blister Exists,12 Feb 2010 07:49
Stone Sour,Stone Sour,Inside the Cynic,12 Feb 2010 07:39
Rush,Vapor Trails,Sweet Miracle,12 Feb 2010 07:36
Rob Zombie,Past Present & Future,Feel So Numb,12 Feb 2010 07:32
GACKT,MARS,Illness Illusion,12 Feb 2010 07:28
Kamelot,Epica,Prologue,12 Feb 2010 07:25
MALICE MIZER,merveilles,Le ciel,12 Feb 2010 07:24
Kamelot,The Fourth Legacy,New Allegiance,12 Feb 2010 07:19
Cake,Comfort Eagle,Opera Singer,12 Feb 2010 07:18
Rush,Hold Your Fire,Tai Shan,12 Feb 2010 07:14
Kamelot,The Black Halo,The Black Halo,12 Feb 2010 07:09
Sublime,Gold [Disc 1],Waiting For My Ruca,12 Feb 2010 06:59
Bush,Zen X Four,Glycerine (Live),12 Feb 2010 06:56
Maximum the Hormone,Buiikikaesu,Louisiana Bob,12 Feb 2010 06:52
Bush,Zen X Four,Comedown (Live),12 Feb 2010 06:48
Sublime,Gold [Disc 1],Free Loop Dub,12 Feb 2010 06:42
Rush,Permanent Waves,Different Strings,12 Feb 2010 06:39
Sublime,Gold [Disc 1],D.J.'s,12 Feb 2010 06:35
Moi dix Mois,Dix infernal,L'intelieur Dix,12 Feb 2010 06:32
Rush,Snakes & Arrows,We Hold On,12 Feb 2010 06:24
Kamelot,The Black Halo,March of Mephisto,12 Feb 2010 06:20
Sevendust,Freddy vs. Jason,Leech,12 Feb 2010 06:14
Fallen Man,Metal Edge March 08,March of the Sinners,12 Feb 2010 06:10
Rush,Presto,Available Light,12 Feb 2010 05:55
Sublime,Gold [Disc 1],Greatest Hits,12 Feb 2010 05:50
Lily Allen,Alright Still,Smile,12 Feb 2010 05:42
Smashing Pumpkins,No Alternative,Glynis,12 Feb 2010 05:39
Moi dix Mois,NOCTURNAL OPERA,Shadows Temple-x,12 Feb 2010 05:34
Sepultura,Freddy Vs. Jason,The Waste,12 Feb 2010 05:29
Stone Sour,Come What(ever) May,Socio,12 Feb 2010 05:21
AC/DC,Black Ice,Anything Goes,12 Feb 2010 05:18
Kimya Dawson,Juno,sleep [instrumental],12 Feb 2010 05:10
Rush,Hold Your Fire,Turn the Page,12 Feb 2010 05:09
Amon Amarth,With Oden On Our Side (Bonus Disc),Once Sent From The Golden Hall (Sunlight Recording),12 Feb 2010 05:04
Bush,The Science of Things,40 Miles From The Sun,12 Feb 2010 05:00
Stone Sour,Stone Sour,Omega,12 Feb 2010 04:57
Rush,Presto,Scars,12 Feb 2010 04:54
Funeral,As the Light Does the Shadow,The Strength to End It,12 Feb 2010 04:50
Kryterium,Metal Edge March 08,Unlock The Gates,12 Feb 2010 04:42
Type O Negative,Life Is Killing Me (Bonus CD),Blood & Fire (Out of the Ashes mix),12 Feb 2010 04:36
MALICE MIZER,Merveilles L'Espace Video,Au Revoir (Live),12 Feb 2010 04:32
Cake,Comfort Eagle,Arco Arena,12 Feb 2010 04:23
Darren Smith & Terrance Zdunich,Repo! The Genetic Opera - Original Motion Picture Soundtrack,Let The Monster Rise,12 Feb 2010 04:16
Darren Smith & Terrance Zdunich,Repo! The Genetic Opera - Original Motion Picture Soundtrack,Thankless Job,12 Feb 2010 04:11
Darren Smith & Terrance Zdunich,Repo! The Genetic Opera - Original Motion Picture Soundtrack,Zydrate Anatomy,12 Feb 2010 04:08
Darren Smith & Terrance Zdunich,Repo! The Genetic Opera - Original Motion Picture Soundtrack,Mark It Up,12 Feb 2010 04:04
Darren Smith & Terrance Zdunich,Repo! The Genetic Opera - Original Motion Picture Soundtrack,21st Century Cure,12 Feb 2010 04:03
Darren Smith & Terrance Zdunich,Repo! The Genetic Opera - Original Motion Picture Soundtrack,At The Opera Tonight,12 Feb 2010 03:56
Type O Negative,The Least Worst of Type O Negative,My Girlfriend's Girlfriend,12 Feb 2010 03:52
Type O Negative,The Least Worst of Type O Negative,12 Black Rainbows,12 Feb 2010 03:48
Thin Lizzy,Dedication - The Very Best of Thin Lizzy,Dedication,12 Feb 2010 03:20
Thin Lizzy,Dedication - The Very Best of Thin Lizzy,Showdown,12 Feb 2010 03:16
Matchbox Twenty,Yourself or Someone Like You,Kody,11 Feb 2010 21:43
Greg Edmonson,Firefly,Cows / New Dress / My Crew,11 Feb 2010 21:38
Lily Allen,Alright Still,Knock 'em Out,11 Feb 2010 21:36
AC/DC,Black Ice,War Machine,11 Feb 2010 21:28
AC/DC,Black Ice,Smash N Grab,11 Feb 2010 21:28
AC/DC,Black Ice,Anything Goes,11 Feb 2010 21:27
AC/DC,Black Ice,Big Jack,11 Feb 2010 21:27
AC/DC,Black Ice,Skies on Fire,11 Feb 2010 21:27
AC/DC,Black Ice,Rock 'N Roll Train,11 Feb 2010 21:27
Acid Bath,When the Kite String Pops,Scream of the Butterfly,11 Feb 2010 21:24
Acid Bath,When the Kite String Pops,Scream of the Butterfly,11 Feb 2010 21:23
Acid Bath,Pagan Terrorism Tactics,Dead Girl,11 Feb 2010 21:18
Soil,Scars,Halo,11 Feb 2010 21:15
System of a Down,Toxicity,ATWA,11 Feb 2010 21:14
Drowning Pool,Sinner,Bodies,11 Feb 2010 21:13
Dope,Felons and Revolutionaries,You Spin Me Round (Like a Record),11 Feb 2010 21:12
Slipknot,9.0: Live,Liberate,11 Feb 2010 21:11
9GOATS BLACK OUT,Black rain,headache,11 Feb 2010 21:09
Kamelot,Epica,Descent of the Archangel,11 Feb 2010 21:08
Kamelot,The Black Halo,Soul Society,11 Feb 2010 21:08
Kamelot,The Black Halo,Abandoned,11 Feb 2010 21:08
Nirvana,Nevermind,Lounge Act,11 Feb 2010 21:08
Nirvana,Nirvana,Heart-Shaped Box,11 Feb 2010 21:08
Nirvana,Nevermind,In Bloom,11 Feb 2010 21:08
Slipknot,Slipknot,Wait and Bleed,11 Feb 2010 21:07
Slipknot,All Hope Is Gone [Bonus Tracks],Psychosocial,11 Feb 2010 21:07
Slipknot,All Hope Is Gone [Bonus Tracks],'Til We Die,11 Feb 2010 21:07
Slipknot,All Hope Is Gone [Bonus Tracks],Gematria (The Killing Name),11 Feb 2010 21:07
exist†trace,Vanguard -Of the Muses-,Vanguard,11 Feb 2010 21:05
-OZ-,VERSUS,FILMY,11 Feb 2010 21:04
Geddy Lee,My Favorite Headache,Slipping (LP Version),11 Feb 2010 21:03
Black Sabbath,Paranoid,Rat Salad,06 Nov 2009 04:15
Iron Maiden,Edward the Great,Run to the Hills,06 Nov 2009 04:10
Empyria,The Long Road Home,The Endless Circle,06 Nov 2009 04:06
Megadeth,Rude Awakening,Peace Sells,06 Nov 2009 04:01
Slayer,South of Heaven,South of Heaven,06 Nov 2009 03:56
Jethro Tull,Aqualung,Aqualung,31 Oct 2009 17:40
Alessandro Bottura,,Deaf Kids Disco,31 Oct 2009 17:34
Marillion,Misplaced Childhood,Kayleigh,31 Oct 2009 17:31
Rush,Moving Pictures,Tom Sawyer,31 Oct 2009 17:26
Mushroomhead,XIII,Destroy The World Around Me,31 Oct 2009 17:17
DevilDriver,,Horn Of Betrayal,31 Oct 2009 17:12
Spineshank,,Seamless,31 Oct 2009 17:08
Soil,Throttle Junkies,Shining Man,31 Oct 2009 17:04
Static-X,Machine,Structural Defect,31 Oct 2009 17:00
Sevendust,,Angel's Son,31 Oct 2009 16:57
American Head Charge,[non-album tracks],Cowards,31 Oct 2009 16:53
Dry Kill Logic,The Darker Side of Nonsense,A Better Man Than Me,31 Oct 2009 16:42
Slipknot,Iowa,New Abortion,31 Oct 2009 16:38
Roadrunner United,The All Star Sessions,The Enemy (Album Version),31 Oct 2009 16:33
Machine Head,New Shit Vol 3,Bulldozer,31 Oct 2009 16:28
Ill Niño,Revolution Revolución,What Comes Around,31 Oct 2009 16:24
P.O.D.,Satellite,The Messenjah,31 Oct 2009 16:20
Kittie,Paperdoll EP,Brackish,31 Oct 2009 16:17
Killswitch Engage,,This Fire,31 Oct 2009 16:14
Marilyn Manson,,Four Rusted Horses,31 Oct 2009 16:09
Murderdolls,Beyond the Valley of the Murderdolls,Kill Miss America,31 Oct 2009 16:06
Mudvayne,L.D. 50,Nothing to Gein,31 Oct 2009 16:01
System of a Down,Toxicity,Shimmy,31 Oct 2009 15:59
Stone Sour,Come What,Through Glass,31 Oct 2009 15:54
Disturbed,Dj Vilnius_Kaunas (Lastfm Promo Session),Land of Confusion,31 Oct 2009 15:49
Trivium,,Ascendancy,31 Oct 2009 15:45
Papa Roach,The Paramour Sessions,Time Is Running Out,31 Oct 2009 15:41
Slipknot,Vol. 3: (The Subliminal Verses),Pulse of the Maggots,31 Oct 2009 15:37
Roadrunner United,The All Star Sessions,Roads (Album Version),31 Oct 2009 15:34
Limp Bizkit,Chocolate Starfish and the Hot Dog Flavored Water,My Generation,31 Oct 2009 15:30
Mudvayne,Lost and Found,Determined,31 Oct 2009 15:28
Korn,Follow the Leader,Freak on a Leash,31 Oct 2009 15:23
System of a Down,Toxicity,Chop Suey!,31 Oct 2009 15:20
Murderdolls,Beyond the Valley of the Murderdolls,She Was A Teenage Zombie,31 Oct 2009 15:17
Firewind,The Premonition,Circle of Life,31 Oct 2009 15:07
Kamelot,Epica,Descent of the Archangel,31 Oct 2009 15:02
Kansas,The Best of Kansas,The Wall,23 Apr 2009 16:28
Emerson Lake & Palmer,Trilogy,From the Beginning,23 Apr 2009 16:23
Rush,Rush,Finding My Way,23 Apr 2009 16:18
Apocalyptica,Cult (Special Edition),Until It Sleeps,01 Jan 1970 00:00
Kamelot,Epica,Prologue,01 Jan 1970 00:00
Type O Negative,Life Is Killing Me (Bonus CD),Out of the Fire (Kane's Theme),01 Jan 1970 00:00
Apocalyptica,Cult (Special Edition),Harmaggedon (Live In Munich),01 Jan 1970 00:00
Apocalyptica,Cult (Special Edition),hall of mountain king,01 Jan 1970 00:00
Bush,Zen X Four,Glycerine (Acoustic),01 Jan 1970 00:00
Apocalyptica,Cult (Special Edition),Fight Fire With Fire,01 Jan 1970 00:00
